college,type,resume,link,address
"Manhattan College
",New York,6,http://jobview.monster.com/CLERK-LEVEL-1-Job-New-York-NY-US-168671515.aspx,"47-11 45th St, New York, NY 11377
"
"Fordham University
",New York,6,http://jobview.monster.com/Accounting-Clerk-Job-New-York-City-NY-US-169435709.aspx,"32-54 82nd St, New York, NY 11370
"
"Pace University
",New York,7,http://job-openings.monster.com/monster/fc17c7a2-0016-46e0-a44a-52a18394eaeb,"32-19 76th St, New York, NY 11370
"
"Fordham University
",New York,6,http://jobview.monster.com/Accounts-Payable-Clerk-Job-Manhattan-NY-US-169438692.aspx,"31-23 80th St, New York, NY 11370
"
"Pace University
",New York,1,http://jobview.local-jobs.monster.com/CLERK-Job-BROAD-CHANNEL-NY-US-169581179.aspx,"32-19 76th St, New York, NY 11370
"
"Pace University
",New York,7,http://job-openings.monster.com/monster/4afe9a39-d181-42bf-bce0-5634db33bce4,"4600 Palisade Ave, New York, NY 10471
"
"Fordham University
",New York,0,http://job-openings.monster.com/monster/b6b55622-a28c-4e90-bdcf-68bc47679464,"4650 Hadley Ave, New York, NY 10471
"
"Manhattan College
",New York,7,http://job-openings.monster.com/monster/65e43be5-e504-4ec1-832d-60cd14ffeb9b,"32-19 76th St, New York, NY 11370
"
"Pace University
",New York,4,http://job-openings.monster.com/monster/e5222f1c-fe56-49b2-814e-f8ee22382950,"4069 Dodgewood Rd, New York, NY 10471
"
"Fordham University
",New York,5,http://job-openings.monster.com/monster/af6362d6-20cc-47fc-865f-1d5f2027db78,"228 Lincoln Pl, New York, NY 11217
"
"Baruch College
",New York,2,http://job-openings.monster.com/monster/920f8a7d-bbbd-4242-a0f5-c631a7a4601e,"45-44 42nd St, New York, NY 11104
"
"Baruch College
",New York,5,http://job-openings.monster.com/monster/00d6e0bf-4a27-42e9-ab0a-987a3dd4d411,"153 Underhill Ave, New York, NY 11238
"
"Baruch College
",New York,7,http://job-openings.monster.com/monster/a6138677-539f-447d-bd7a-cc8a254cf785,"45-44 42nd St, New York, NY 11104
"
"Fordham University
",New York,4,http://job-openings.monster.com/monster/cdca2dae-caa0-4bdc-832b-61a21a381f45,"4069 Dodgewood Rd, New York, NY 10471
"
"Fordham University
",New York,0,http://job-openings.monster.com/monster/ca01f201-2d44-46aa-af49-85f43e421b11,"47-11 45th St, New York, NY 11377
"
"Baruch College
",New York,6,http://job-openings.monster.com/monster/e335e1ea-fae8-4055-8168-6466dd4c6f07,"41-46 50th St, New York, NY 11377
"
"Baruch College
",New York,3,http://job-openings.monster.com/monster/0e733fce-55ad-4230-af74-ba5897219486,"32-54 82nd St, New York, NY 11370
"
"Manhattan College
",New York,5,http://job-openings.monster.com/monster/78f80377-e8a1-4af0-b387-c52c19237825,"32-54 82nd St, New York, NY 11370
"
"Fordham University
",New York,1,http://job-openings.monster.com/monster/47d9c56f-bc38-4f70-97bd-50c0625010af,"681 Bergen St, New York, NY 11238
"
"Baruch College
",New York,4,http://job-openings.monster.com/monster/a8312301-6d0e-4d33-8975-41d745d55bd0,"4645 Independence Ave, New York, NY 10471
"
"Manhattan College
",New York,7,http://job-openings.monster.com/monster/8f7d71b4-e45d-4ec0-8e20-fcec083cbb3e,"153 Underhill Ave, New York, NY 11238
"
"Pace University
",New York,2,http://job-openings.monster.com/monster/3a72fb34-6283-4164-a4a4-d444cd93e9c4,"32-43 83rd St, New York, NY 11370
"
"Fordham University
",New York,4,http://job-openings.monster.com/monster/bb8d2276-eb44-41e2-962d-a4a48ab77735,"41-46 50th St, New York, NY 11377
"
"Manhattan College
",New York,3,http://job-openings.monster.com/monster/401e9c30-fb1f-4c7a-8f26-45262f136867,"4600 Palisade Ave, New York, NY 10471
"
"Pace University
",New York,5,http://job-openings.monster.com/monster/06d3b0c7-8a9b-4d65-84f3-ec256572084e,"41-15 50th St, New York, NY 11377
"
"Baruch College
",New York,6,http://job-openings.monster.com/monster/43a68293-fb9a-498c-8728-4c228e7b3a04,"9 Ploughmans Bush, New York, NY 10471
"
"Baruch College
",New York,5,http://job-openings.monster.com/monster/7fe55ad5-b1f9-4814-9370-9598c69ffd88,"9 Ploughmans Bush, New York, NY 10471
"
"Pace University
",New York,4,http://job-openings.monster.com/monster/42eec092-b253-4883-bd0d-cc6018a2dcbc,"31-23 80th St, New York, NY 11370
"
"Baruch College
",New York,3,http://job-openings.monster.com/monster/fe33328c-f4be-466d-b0d5-9813e6b7b1f5,"32-54 80th St, New York, NY 11370
"
"Fordham University
",New York,5,http://job-openings.monster.com/monster/fec68d02-a407-4025-bd37-b603ec138e1a,"4600 Palisade Ave, New York, NY 10471
"
"Fordham University
",New York,0,http://job-openings.monster.com/monster/412a74b5-144f-4451-a63e-dc571a8709cc,"4600 Palisade Ave, New York, NY 10471
"
"Baruch College
",New York,1,http://job-openings.monster.com/monster/a405da74-f6dd-4468-8f97-70d291e2df1b,"41-15 50th St, New York, NY 11377
"
"Manhattan College
",New York,2,http://job-openings.monster.com/monster/1d414665-17ea-483b-b3c7-8d50f11d8f76,"32-43 83rd St, New York, NY 11370
"
"Manhattan College
",New York,6,http://job-openings.monster.com/monster/0b50a710-351c-4abe-a255-b54517d9111e,"32-19 76th St, New York, NY 11370
"
"Manhattan College
",New York,2,http://job-openings.monster.com/monster/d8c85b4a-4dac-4e37-a868-6e361fa908aa,"41-46 50th St, New York, NY 11377
"
"Fordham University
",New York,0,http://job-openings.monster.com/monster/f5576049-9336-43a9-98b7-20272a72259d,"681 Bergen St, New York, NY 11238
"
"Pace University
",New York,0,http://job-openings.monster.com/monster/8dbd4328-91c8-4c59-8d7d-a86b07bd26fd,"228 Lincoln Pl, New York, NY 11217
"
"Fordham University
",New York,7,http://job-openings.monster.com/monster/592c22e2-9c0c-4ee7-b668-aaf885f1e1c4,"288 Prospect Pl, New York, NY 11238
"
"Fordham University
",New York,3,http://job-openings.monster.com/monster/37d96eac-ddc9-4476-a18b-b9d72fcebf91,"45-44 42nd St, New York, NY 11104
"
"Pace University
",New York,3,http://job-openings.monster.com/monster/b5f0da85-1f6f-428d-aa32-6a99aaef9627,"32-54 82nd St, New York, NY 11370
"
"Baruch College
",New York,0,http://job-openings.monster.com/monster/57d2bc7c-d7e5-4bef-a60f-98cbcee04a5e,"4645 Independence Ave, New York, NY 10471
"
"Baruch College
",New York,4,http://job-openings.monster.com/monster/685dce58-71d4-4c91-9591-bc0f56613c85,"45-44 42nd St, New York, NY 11104
"
"Manhattan College
",New York,2,http://job-openings.monster.com/monster/99dda6f0-de83-401f-8dfd-728cfc278c93,"32-43 83rd St, New York, NY 11370
"
"Manhattan College
",New York,0,http://job-openings.monster.com/monster/6e161772-3639-498c-be9f-1a773c509000,"41-46 50th St, New York, NY 11377
"
"Fordham University
",New York,6,http://job-openings.monster.com/monster/58a5476c-2d4d-457d-806e-ec9fcbd9fbc6,"4645 Independence Ave, New York, NY 10471
"
"Fordham University
",New York,2,http://job-openings.monster.com/monster/00f022b8-eb84-40df-a15b-275e82d8abe5,"45-44 42nd St, New York, NY 11104
"
"Manhattan College
",New York,4,http://job-openings.monster.com/monster/b533e27e-a6f4-4859-aaca-0f2fe7ccbd09,"153 Underhill Ave, New York, NY 11238
"
"Fordham University
",New York,7,http://job-openings.monster.com/monster/f063fb80-0405-48f8-9625-f20a44c78f82,"4650 Hadley Ave, New York, NY 10471
"
"Pace University
",New York,1,http://job-openings.monster.com/monster/c287b115-f2bc-436c-9bae-528ba01278fc,"228 Lincoln Pl, New York, NY 11217
"
"Fordham University
",New York,7,http://job-openings.monster.com/monster/8af36339-b6e1-4ea7-af9e-f42cf84f20e2,"32-54 82nd St, New York, NY 11370
"
"Fordham University
",New York,0,http://job-openings.monster.com/monster/404490bd-e045-460f-94a9-3d0edfc6fac2,"4645 Independence Ave, New York, NY 10471
"
"Fordham University
",New York,7,http://job-openings.monster.com/monster/ba7c4107-ded2-4a8e-9849-1475a8ca2ec9,"41-22 42nd St, New York, NY 11104
"
"Baruch College
",New York,4,http://job-openings.monster.com/monster/045c06e5-dec6-4c7d-9d05-06f661600fdc,"4069 Dodgewood Rd, New York, NY 10471
"
"Fordham University
",New York,0,http://job-openings.monster.com/monster/f9f21311-3e85-42ce-baf2-996a20aecef1,"681 Bergen St, New York, NY 11238
"
"Baruch College
",New York,1,http://job-openings.monster.com/monster/87b213eb-fa11-4914-ba84-f59f7502da35,"45-44 42nd St, New York, NY 11104
"
"Baruch College
",New York,6,http://job-openings.monster.com/monster/f52c9cb6-971c-4759-bda1-1908bf533612,"681 Bergen St, New York, NY 11238
"
"Baruch College
",New York,7,http://job-openings.monster.com/monster/509180e4-0c3e-4be6-98db-2a946fee800e,"32-54 82nd St, New York, NY 11370
"
"Baruch College
",New York,5,http://job-openings.monster.com/monster/464bec6d-10c6-4996-a442-21cfa409982f,"47-11 45th St, New York, NY 11377
"
"Fordham University
",New York,6,http://job-openings.monster.com/monster/aba11c1a-0b9e-4c0a-919e-4aa3f96414ac,"153 Underhill Ave, New York, NY 11238
"
"Pace University
",New York,0,http://job-openings.monster.com/monster/409f5327-10a7-4bc9-843a-7196b94f5f05,"41-22 42nd St, New York, NY 11104
"
"Baruch College
",New York,7,http://job-openings.monster.com/monster/f8f02296-3634-40c3-a713-be4d13e9bf46,"153 Underhill Ave, New York, NY 11238
"
"Baruch College
",New York,1,http://job-openings.monster.com/monster/f540d64a-52c8-498e-b560-3d44b8928694,"32-54 82nd St, New York, NY 11370
"
"Baruch College
",New York,2,http://job-openings.monster.com/monster/646c266d-eacc-4687-85c3-f6a7e42a7696,"31-23 80th St, New York, NY 11370
"
"Fordham University
",New York,3,http://job-openings.monster.com/monster/d647987a-1a32-4924-a355-0fb32170a2ea,"4069 Dodgewood Rd, New York, NY 10471
"
"Pace University
",New York,1,http://job-openings.monster.com/monster/04356697-84ea-4a1d-b5fb-a24c027efff1,"153 Underhill Ave, New York, NY 11238
"
"Baruch College
",New York,7,http://job-openings.monster.com/monster/d2f97272-9d0a-45e5-bf08-2b99ef4497fa,"32-54 80th St, New York, NY 11370
"
"Pace University
",New York,7,http://job-openings.monster.com/monster/042ba6d4-3612-4365-9f3a-0aa2ae522fec,"32-54 80th St, New York, NY 11370
"
"Fordham University
",New York,3,http://job-openings.monster.com/monster/037318dc-5d60-48fd-9fe1-6a8710964281,"4069 Dodgewood Rd, New York, NY 10471
"
"Fordham University
",New York,7,http://job-openings.monster.com/monster/f208b9de-fd48-4135-ba52-3dc739cc5bba,"4650 Hadley Ave, New York, NY 10471
"
"Manhattan College
",New York,5,http://job-openings.monster.com/monster/5656a208-2d9a-48dd-bfa6-7bb1b60b4166,"228 Lincoln Pl, New York, NY 11217
"
"Pace University
",New York,1,http://job-openings.monster.com/monster/94ed8b8b-ce96-4cb7-8aca-6c8dbe1a9dc1,"681 Bergen St, New York, NY 11238
"
"Baruch College
",New York,4,http://job-openings.monster.com/monster/e98dafb1-da03-4fd9-8ee4-5f1368542ce2,"228 Lincoln Pl, New York, NY 11217
"
"Pace University
",New York,6,http://job-openings.monster.com/monster/e874adec-8123-48f2-b2d7-e0d663a88a62,"31-23 80th St, New York, NY 11370
"
"Pace University
",New York,1,http://job-openings.monster.com/monster/7eaad228-17c7-4817-b456-833adb2e86aa,"288 Prospect Pl, New York, NY 11238
"
"Pace University
",New York,3,http://job-openings.monster.com/monster/29e189de-d54c-44a4-afe0-170c7ff4fef0,"41-22 42nd St, New York, NY 11104
"
"Manhattan College
",New York,7,http://job-openings.monster.com/monster/149a5868-170a-40b8-be4d-e704e5107b50,"681 Bergen St, New York, NY 11238
"
"Pace University
",New York,7,http://job-openings.monster.com/monster/2f613677-d7f1-4238-8309-d8bc7e39c522,"41-22 42nd St, New York, NY 11104
"
"Manhattan College
",New York,2,http://job-openings.monster.com/monster/047c9af5-b0ed-476b-8fe6-0cd646bbade9,"288 Prospect Pl, New York, NY 11238
"
"Pace University
",New York,7,http://job-openings.monster.com/monster/24f25f2d-3ae2-4fa9-ae4d-300610e71887,"32-54 82nd St, New York, NY 11370
"
"Fordham University
",New York,0,http://job-openings.monster.com/monster/a2bcbcbe-13ec-472b-95bc-557907479dbf,"41-22 42nd St, New York, NY 11104
"
"Baruch College
",New York,0,http://job-openings.monster.com/monster/d2766c53-8acb-49e5-a3cd-7646c0c0fbe8,"31-23 80th St, New York, NY 11370
"
"Baruch College
",New York,1,http://job-openings.monster.com/monster/6ac251fc-69ee-4f96-883f-621aa4889c93,"9 Ploughmans Bush, New York, NY 10471
"
"Pace University
",New York,1,http://job-openings.monster.com/monster/fda351cb-e1e6-43e9-9212-085fa759002b,"32-43 83rd St, New York, NY 11370
"
"Baruch College
",New York,6,http://job-openings.monster.com/monster/e6315fde-8583-4090-9912-a619415e9fa6,"4650 Hadley Ave, New York, NY 10471
"
"Manhattan College
",New York,2,http://job-openings.monster.com/monster/96d56556-cfac-480c-a883-9f2461f2f176,"41-22 42nd St, New York, NY 11104
"
"Baruch College
",New York,5,http://job-openings.monster.com/monster/63348333-4aad-46f2-a724-3ab2fcaf057c,"47-11 45th St, New York, NY 11377
"
"Manhattan College
",New York,7,http://job-openings.monster.com/monster/4f0f7a1d-58bb-480d-bc37-22924410b869,"32-43 83rd St, New York, NY 11370
"
"Baruch College
",New York,2,http://job-openings.monster.com/monster/5d9ea8ab-faf0-4fe8-b2b3-d122936b9714,"681 Bergen St, New York, NY 11238
"
"Baruch College
",New York,0,http://job-openings.monster.com/monster/95f312c1-b25b-4397-9668-4a933ead6e43,"4600 Palisade Ave, New York, NY 10471
"
"Pace University
",New York,4,http://job-openings.monster.com/monster/a57b72d6-a933-4644-a0df-257e5edde6a5,"9 Ploughmans Bush, New York, NY 10471
"
"Fordham University
",New York,1,http://job-openings.monster.com/monster/6b20e1e5-cc60-42cd-85e3-1a11c5172f8e,"41-22 42nd St, New York, NY 11104
"
"Fordham University
",New York,0,http://job-openings.monster.com/monster/27bea10f-66e4-49dd-b952-987648fa3918,"9 Ploughmans Bush, New York, NY 10471
"
"Pace University
",New York,5,http://job-openings.monster.com/monster/23dbd736-aa28-4441-a69c-8a46a6e2dcf4,"681 Bergen St, New York, NY 11238
"
"Manhattan College
",New York,4,http://job-openings.monster.com/monster/0c31180d-a4eb-45ac-a23e-ca281c6c80ca,"41-22 42nd St, New York, NY 11104
"
"Fordham University
",New York,5,http://job-openings.monster.com/monster/d8ddec93-5bbc-40f1-9f42-c53875d55b7c,"41-46 50th St, New York, NY 11377
"
"Pace University
",New York,5,http://job-openings.monster.com/monster/96bcb109-2019-4a4a-920e-8c67e49da0e6,"288 Prospect Pl, New York, NY 11238
"
"Baruch College
",New York,3,http://job-openings.monster.com/monster/7d33ef4f-2c55-4761-b429-2a822498aff5,"31-23 80th St, New York, NY 11370
"
"Fordham University
",New York,3,http://job-openings.monster.com/monster/561bab35-9ed3-46ad-8356-cc6833cf94e4,"32-19 76th St, New York, NY 11370
"
"Manhattan College
",New York,2,http://job-openings.monster.com/monster/2415c297-d9cb-4eef-affc-e0a373dfb48e,"4069 Dodgewood Rd, New York, NY 10471
"
"Baruch College
",New York,3,http://job-openings.monster.com/monster/bb267fcc-2312-49d5-9e4b-6ed4569c6da0,"4069 Dodgewood Rd, New York, NY 10471
"
"Pepperdine University
",Los Angeles,6,http://jobview.monster.com/Data-Input-Document-Scanning-Light-Clerical-Job-Los-Angeles-CA-US-167357185.aspx,"421 Lewis St, Los Angeles, CA 90042
"
"Loyola Marymount University
",Los Angeles,7,http://jobview.monster.com/Inventory-Material-Handler-Clerk-Job-Compton-CA-US-169168028.aspx,"15415 Dogwood St, Los Angeles, CA 92683
"
"Pepperdine University
",Los Angeles,0,http://jobview.monster.com/Inventory-Clerk-Job-Seal-Beach-CA-US-169249342.aspx,"7553 Trask Ave, Los Angeles, CA 90293
"
"California State University, Long Beach
",Los Angeles,2,http://jobview.monster.com/UPS-Union-Clerk-Part-Time-UPS-Freight-Job-Fullerton-CA-US-169749388.aspx,"8210 Delgany Ave, Los Angeles, CA 90293
"
"Pepperdine University
",Los Angeles,4,http://jobview.local-jobs.monster.com/ACCOUNTING-CLERK-Job-Los-Angeles-CA-US-168796080.aspx,"7553 Trask Ave, Los Angeles, CA 90293
"
"California State University, Long Beach
",Los Angeles,6,http://jobview.monster.com/Payroll-Clerk-Payroll-Coordinator-Job-South-Gate-CA-US-169077346.aspx,"1122 10th St, Los Angeles, CA 90403
"
"California State University, Long Beach
",Los Angeles,0,http://jobview.monster.com/Residential-Loan-Clerical-Assistant-Job-Los-Angeles-CA-US-169482660.aspx,"1308 9th St, Los Angeles, CA 90401
"
"Pepperdine University
",Los Angeles,0,http://jobview.monster.com/ACCOUNTS-RECEIVABLE-CLERK-NEEDED!-Job-Los-Angeles-CA-US-169744841.aspx,"1218 12th St, Los Angeles, CA 90401
"
"California State University, Long Beach
",Los Angeles,2,http://jobview.monster.com/admin-assistant-file-clerk-job-covina-ca-us-169166288.aspx,"1079 S Arroyo Blvd, Los Angeles, CA 91105
"
"Pepperdine University
",Los Angeles,6,http://jobview.monster.com/junior-accountant-job-calabasas-ca-us-169220813.aspx,"395 W Terrace Ln, Los Angeles, CA 90042
"
"Pepperdine University
",Los Angeles,4,http://jobview.monster.com/Warehouse-Clerk-Driver-Up-to-15-Job-Montebello-CA-US-169393603.aspx,"433 Sunridge St, Los Angeles, CA 90293
"
"Loyola Marymount University
",Los Angeles,2,http://jobview.monster.com/Scanning-Clerk-Job-Chatsworth-CA-US-169437373.aspx,"15415 Dogwood St, Los Angeles, CA 92683
"
"California State University, Northridge
",Los Angeles,5,http://job-openings.monster.com/monster/1daf104e-dd40-4145-91b2-80d6b33dbb53,"8210 Delgany Ave, Los Angeles, CA 90293
"
"California State University, Northridge
",Los Angeles,3,http://job-openings.monster.com/monster/158f5228-832a-4fa1-9365-c016fdefc7c7,"1308 9th St, Los Angeles, CA 90401
"
"Loyola Marymount University
",Los Angeles,6,http://jobview.monster.com/clerk-job-chatsworth-ca-us-169210662.aspx,"7553 Trask Ave, Los Angeles, CA 90293
"
"Loyola Marymount University
",Los Angeles,3,http://jobview.monster.com/Accounts-Payable-Clerk-Job-Torrance-CA-US-169423205.aspx,"395 W Terrace Ln, Los Angeles, CA 90042
"
"California State University, Northridge
",Los Angeles,6,http://jobview.monster.com/Accounts-Payable-Clerk-Job-Baldwin-Park-CA-US-167038296.aspx,"8136 Zitola Terrace, Los Angeles, CA 90293
"
"California State University, Long Beach
",Los Angeles,3,http://jobview.monster.com/Data-Entry-Clerk-38k-Job-Los-Angeles-CA-US-169530763.aspx,"14335 Cedarwood Ave, Los Angeles, CA 92683
"
"Loyola Marymount University
",Los Angeles,0,http://jobview.monster.com/Seeking-an-outstanding-Accounts-Payable-Clerk-for-a-growing-company!-Job-Cypress-CA-US-169437410.aspx,"6414 Roble Ave, Los Angeles, CA 90042
"
"Pepperdine University
",Los Angeles,3,http://job-openings.monster.com/monster/73bad811-8f25-4eef-a71f-43a671f32a00,"14335 Cedarwood Ave, Los Angeles, CA 92683
"
"Pepperdine University
",Los Angeles,5,http://job-openings.monster.com/monster/22c79025-6d25-42f7-bb15-a353770d78a3,"13929 Cardillo Dr, Los Angeles, CA 92683
"
"Loyola Marymount University
",Los Angeles,7,http://job-openings.monster.com/monster/cb592d7f-8600-4d24-aea2-768d68f25276,"7200 Rindge Ave, Los Angeles, CA 90293
"
"Pepperdine University
",Los Angeles,0,http://job-openings.monster.com/monster/4a6a37e7-9d25-40f6-b45c-33ae2c9aec16,"1049 Larker Ave, Los Angeles, CA 90042
"
"Loyola Marymount University
",Los Angeles,7,http://job-openings.monster.com/monster/9dec3f67-8f01-4b64-bbc3-0efd2238bb6f,"1079 S Arroyo Blvd, Los Angeles, CA 91105
"
"California State University, Northridge
",Los Angeles,7,http://job-openings.monster.com/monster/afdb8191-309c-4937-8b94-d17af2c78637,"421 Lewis St, Los Angeles, CA 90042
"
"Loyola Marymount University
",Los Angeles,5,http://job-openings.monster.com/monster/f7f663c2-5cb1-4616-9999-4bae613b11e2,"7200 Rindge Ave, Los Angeles, CA 90293
"
"California State University, Long Beach
",Los Angeles,0,http://job-openings.monster.com/monster/a8292bce-151c-4039-b5fe-78e2014a6a32,"5236 Park Ave, Los Angeles, CA 92845
"
"Loyola Marymount University
",Los Angeles,2,http://job-openings.monster.com/monster/149ad94a-e742-4348-bf29-ab79eead0845,"1079 S Arroyo Blvd, Los Angeles, CA 91105
"
"California State University, Northridge
",Los Angeles,4,http://job-openings.monster.com/monster/37d9271b-ea9d-46aa-ac8c-a24ef154566c,"7553 Trask Ave, Los Angeles, CA 90293
"
"Pepperdine University
",Los Angeles,4,http://job-openings.monster.com/monster/091bf953-6553-403b-abc9-d3d2d0d070fc,"1049 Larker Ave, Los Angeles, CA 90042
"
"California State University, Long Beach
",Los Angeles,6,http://job-openings.monster.com/monster/69581b5d-539e-487a-880e-82d65d0c11bc,"15415 Dogwood St, Los Angeles, CA 92683
"
"California State University, Northridge
",Los Angeles,5,http://job-openings.monster.com/monster/d12220b2-d915-4d26-ae3f-0dbd1208f8e1,"13929 Cardillo Dr, Los Angeles, CA 92683
"
"Pepperdine University
",Los Angeles,2,http://job-openings.monster.com/monster/d21be22f-08e0-4024-a9a7-32a2585341ec,"7553 Trask Ave, Los Angeles, CA 90293
"
"Pepperdine University
",Los Angeles,6,http://job-openings.monster.com/monster/d2334ff0-452a-45c0-b49c-c68ce2a1c1a2,"14335 Cedarwood Ave, Los Angeles, CA 92683
"
"Loyola Marymount University
",Los Angeles,3,http://job-openings.monster.com/monster/9e0e560d-728b-4eda-b222-19d645be7398,"15415 Dogwood St, Los Angeles, CA 92683
"
"California State University, Long Beach
",Los Angeles,4,http://job-openings.monster.com/monster/026372a4-aace-40bb-bf58-1f35ed4f4bd2,"7553 Trask Ave, Los Angeles, CA 90293
"
"California State University, Northridge
",Los Angeles,6,http://job-openings.monster.com/monster/ca89a431-4fc8-4ece-b663-22ca94e9dc28,"1218 12th St, Los Angeles, CA 90401
"
"Pepperdine University
",Los Angeles,4,http://job-openings.monster.com/monster/cf5ea700-af46-4c99-813c-3aa5dbf0bd8e,"8136 Zitola Terrace, Los Angeles, CA 90293
"
"California State University, Long Beach
",Los Angeles,2,http://job-openings.monster.com/monster/30c312db-823a-4a55-b920-2f9143e133cd,"5236 Park Ave, Los Angeles, CA 92845
"
"Pepperdine University
",Los Angeles,3,http://job-openings.monster.com/monster/69581b5d-539e-487a-880e-82d65d0c11bc,"1218 12th St, Los Angeles, CA 90401
"
"California State University, Northridge
",Los Angeles,7,http://job-openings.monster.com/monster/88fb7ad6-5b87-4457-87f7-5adc3a968354,"1218 12th St, Los Angeles, CA 90401
"
"California State University, Northridge
",Los Angeles,3,http://job-openings.monster.com/monster/b8706dbc-d03a-4264-bee4-622bb64dbfd2,"1122 10th St, Los Angeles, CA 90403
"
"Loyola Marymount University
",Los Angeles,5,http://job-openings.monster.com/monster/704d5927-60c9-46cd-9f5b-8e61776249c2,"1079 S Arroyo Blvd, Los Angeles, CA 91105
"
"California State University, Long Beach
",Los Angeles,6,http://job-openings.monster.com/monster/a0518903-ebc2-4bb1-ba45-ea99a63cf0de,"7553 Trask Ave, Los Angeles, CA 90293
"
"California State University, Northridge
",Los Angeles,7,http://job-openings.monster.com/monster/00fa57c6-ae0d-444e-a631-5e20ebe3e1fb,"1049 Larker Ave, Los Angeles, CA 90042
"
"Pepperdine University
",Los Angeles,3,http://job-openings.monster.com/monster/080e98f8-2df6-4c05-a731-0ee757264476,"1079 S Arroyo Blvd, Los Angeles, CA 91105
"
"California State University, Northridge
",Los Angeles,2,http://job-openings.monster.com/monster/ac00ff5a-3960-4601-bb5a-b5b4d0ac5166,"433 Sunridge St, Los Angeles, CA 90293
"
"California State University, Northridge
",Los Angeles,2,http://job-openings.monster.com/monster/34c1dd46-70ac-4bb7-9f9e-3e4378077f28,"8210 Delgany Ave, Los Angeles, CA 90293
"
"Pepperdine University
",Los Angeles,5,http://job-openings.monster.com/monster/217ef559-1ca3-4904-af89-5694d19a2857,"1321 Euclid St, Los Angeles, CA 90404
"
"California State University, Long Beach
",Los Angeles,4,http://job-openings.monster.com/monster/0789a10e-b76c-4b3d-a5c1-8fa07e40398f,"1122 10th St, Los Angeles, CA 90403
"
"California State University, Long Beach
",Los Angeles,6,http://job-openings.monster.com/monster/299df71e-e0f6-43dd-92bd-36b0cc90d1cd,"8136 Zitola Terrace, Los Angeles, CA 90293
"
"California State University, Long Beach
",Los Angeles,4,http://job-openings.monster.com/monster/e2107640-82e4-4512-aea2-56537f3fcb02,"8210 Delgany Ave, Los Angeles, CA 90293
"
"California State University, Northridge
",Los Angeles,3,http://job-openings.monster.com/monster/af72d20e-6a13-4ed5-b198-9f0a72af589d,"5236 Park Ave, Los Angeles, CA 92845
"
"California State University, Northridge
",Los Angeles,1,http://job-openings.monster.com/monster/6e310b14-f16f-486a-9626-524e15d76b6b,"13929 Cardillo Dr, Los Angeles, CA 92683
"
"Pepperdine University
",Los Angeles,1,http://job-openings.monster.com/monster/087a4234-2460-4ecc-87f3-075895833d84,"15415 Dogwood St, Los Angeles, CA 92683
"
"California State University, Northridge
",Los Angeles,5,http://job-openings.monster.com/monster/86601d0c-4b69-4c30-afa1-0a70955f6dbf,"1122 10th St, Los Angeles, CA 90403
"
"California State University, Long Beach
",Los Angeles,7,http://job-openings.monster.com/monster/598f580e-0fc7-4d11-98bc-fb2e809a93dd,"1325 Arizona Ave, Los Angeles, CA 90404
"
"California State University, Long Beach
",Los Angeles,5,http://job-openings.monster.com/monster/8012fa04-3a66-457f-91ee-4bffffa1db50,"1079 S Arroyo Blvd, Los Angeles, CA 91105
"
"Pepperdine University
",Los Angeles,6,http://job-openings.monster.com/monster/d6fc6236-8de4-43b7-a6a2-47f606deea62,"7553 Trask Ave, Los Angeles, CA 90293
"
"California State University, Northridge
",Los Angeles,1,http://job-openings.monster.com/monster/58ca1835-3027-4724-946a-d0d241731f17,"1325 Arizona Ave, Los Angeles, CA 90404
"
"California State University, Northridge
",Los Angeles,5,http://job-openings.monster.com/monster/5efa29ba-3db6-4da7-986d-1bc162e70c68,"421 Lewis St, Los Angeles, CA 90042
"
"California State University, Northridge
",Los Angeles,6,http://job-openings.monster.com/monster/f4a94c8b-1389-41a1-ac32-7b4711f66aed,"421 Lewis St, Los Angeles, CA 90042
"
"California State University, Long Beach
",Los Angeles,2,http://job-openings.monster.com/monster/f264a730-fbbd-49ec-a484-6ff529282bce,"8210 Delgany Ave, Los Angeles, CA 90293
"
"Pepperdine University
",Los Angeles,3,http://job-openings.monster.com/monster/fd552444-a96d-465a-8db0-e9646573950e,"1308 9th St, Los Angeles, CA 90401
"
"California State University, Northridge
",Los Angeles,4,http://job-openings.monster.com/monster/bafe7dca-2aa6-42d5-b331-0aa4347dcbdb,"6414 Roble Ave, Los Angeles, CA 90042
"
"California State University, Long Beach
",Los Angeles,2,http://job-openings.monster.com/monster/6c4108e3-01f6-4e4f-8ddd-10de01864f9e,"421 Lewis St, Los Angeles, CA 90042
"
"Pepperdine University
",Los Angeles,6,http://job-openings.monster.com/monster/9a6a8edd-c5e3-4f74-a5e5-e5bf9b139158,"14335 Cedarwood Ave, Los Angeles, CA 92683
"
"Pepperdine University
",Los Angeles,1,http://job-openings.monster.com/monster/93aa6f14-f806-434b-8453-fe1f700e686c,"1321 Euclid St, Los Angeles, CA 90404
"
"California State University, Long Beach
",Los Angeles,5,http://job-openings.monster.com/monster/e94aaee9-1fb6-4cfa-9550-0227a9932e07,"1325 Arizona Ave, Los Angeles, CA 90404
"
"Loyola Marymount University
",Los Angeles,6,http://job-openings.monster.com/monster/c232e9df-f569-45a0-9d9d-dea5ef7e7f5b,"1218 12th St, Los Angeles, CA 90401
"
"Loyola Marymount University
",Los Angeles,4,http://job-openings.monster.com/monster/740b47e3-1de7-470d-aa2e-6701ebefefaf,"7200 Rindge Ave, Los Angeles, CA 90293
"
"Pepperdine University
",Los Angeles,1,http://job-openings.monster.com/monster/07771263-51a9-421c-8e7b-8fedc18c643b,"1049 Larker Ave, Los Angeles, CA 90042
"
"California State University, Northridge
",Los Angeles,5,http://job-openings.monster.com/monster/8ad59124-7abd-4ec2-8b05-42213f3af1b6,"1325 Arizona Ave, Los Angeles, CA 90404
"
"Loyola Marymount University
",Los Angeles,4,http://job-openings.monster.com/monster/f901e7ad-192e-46d9-b0ef-ff6a7a0c175c,"7553 Trask Ave, Los Angeles, CA 90293
"
"California State University, Long Beach
",Los Angeles,1,http://job-openings.monster.com/monster/b71ae274-002b-40e9-946a-74b7fe408d3e,"13929 Cardillo Dr, Los Angeles, CA 92683
"
"California State University, Northridge
",Los Angeles,4,http://job-openings.monster.com/monster/22be41a0-2e7a-498e-8552-fed806049cd4,"1218 12th St, Los Angeles, CA 90401
"
"Pepperdine University
",Los Angeles,4,http://job-openings.monster.com/monster/a61442ff-dafe-4107-89ba-751f25e35f16,"1122 10th St, Los Angeles, CA 90403
"
"California State University, Northridge
",Los Angeles,3,http://job-openings.monster.com/monster/62176323-626b-4254-a27a-46997cfb3092,"1325 Arizona Ave, Los Angeles, CA 90404
"
"California State University, Long Beach
",Los Angeles,3,http://job-openings.monster.com/monster/ca155f6d-4e36-4a96-be5d-581c1e00aeaa,"1321 Euclid St, Los Angeles, CA 90404
"
"Loyola Marymount University
",Los Angeles,7,http://job-openings.monster.com/monster/8f6fef34-9f96-4b3b-978a-1b4b8906af67,"6414 Roble Ave, Los Angeles, CA 90042
"
"California State University, Long Beach
",Los Angeles,6,http://job-openings.monster.com/monster/c13d7269-e07a-4f47-9eac-bc5ab4177cf4,"421 Lewis St, Los Angeles, CA 90042
"
"Loyola Marymount University
",Los Angeles,2,http://job-openings.monster.com/monster/79bc853c-46df-4c09-9075-70ea8ed6831e,"1321 Euclid St, Los Angeles, CA 90404
"
"California State University, Northridge
",Los Angeles,5,http://job-openings.monster.com/monster/62d2ac61-79dd-405d-a345-3666cbac3c18,"1321 Euclid St, Los Angeles, CA 90404
"
"California State University, Long Beach
",Los Angeles,0,http://job-openings.monster.com/monster/62ffa93b-e05d-4f69-96c9-80751611ac4e,"421 Lewis St, Los Angeles, CA 90042
"
"Loyola Marymount University
",Los Angeles,7,http://job-openings.monster.com/monster/23bf5b24-9755-4516-ab82-59b096ee18af,"7553 Trask Ave, Los Angeles, CA 90293
"
"California State University, Long Beach
",Los Angeles,7,http://job-openings.monster.com/monster/08a4fee2-57bb-4156-914f-fbfa6b1ffcb9,"5236 Park Ave, Los Angeles, CA 92845
"
"California State University, Long Beach
",Los Angeles,2,http://job-openings.monster.com/monster/abcc5074-cdef-4b9a-a771-fc52c05a5c97,"1321 Euclid St, Los Angeles, CA 90404
"
"California State University, Long Beach
",Los Angeles,4,http://job-openings.monster.com/monster/8a837c88-3bc3-4792-9134-848306425890,"8210 Delgany Ave, Los Angeles, CA 90293
"
"University of Illinois at Chicago
",Chicago,3,http://jobview.monster.com/Software-Sales-Manager-Hunter-Job-Chicago-IL-US-169445670.aspx,"4842 S Lavergne Ave, Chicago, IL 60638
"
Valparaiso University,Chicago,6,http://jobview.monster.com/Sales-Representative-Residence-Hall-Job-Chicago-IL-US-169376891.aspx,"2428 N Kilpatrick Ave, Chicago, IL 60639
"
"Wheaton College
",Chicago,7,http://jobview.monster.com/Photographer-Sales-Job-Chicago-IL-US-169221570.aspx,"4511 S Karlov Ave, Chicago, IL 60632
"
Valparaiso University,Chicago,6,http://job-openings.monster.com/monster/ece5f0b1-6e8d-46e0-a1e8-6f8ff7ea08a9,"1348 W Washburne Ave, Chicago, IL 60608
"
"DePaul University
",Chicago,4,http://jobview.monster.com/Students-Welcome-Summer-Job-Entry-Level-Marketing-Business-Development-Job-Lockport-IL-US-168835048.aspx,"848 S Carpenter St, Chicago, IL 60607
"
"Wheaton College
",Chicago,6,http://jobview.local-jobs.monster.com/VIce-President-Global-Marketing-Business-Development-Job-US-169233691.aspx,"4230 N Whipple St, Chicago, IL 60618
"
"University of Illinois at Chicago
",Chicago,4,http://jobview.monster.com/Sales-Account-Executive-Job-Chicago-IL-US-168700493.aspx,"2428 N Kilpatrick Ave, Chicago, IL 60639
"
"University of Illinois at Chicago
",Chicago,0,http://jobview.monster.com/Regional-Sales-Manager-Automotive-Aftermarket-Job-Chicago-IL-US-169747820.aspx,"4511 S Karlov Ave, Chicago, IL 60632
"
"DePaul University
",Chicago,5,http://jobview.monster.com/Field-Sales-Manager-%E2%80%93-Custom-Chemistry-Standards-MID-WEST-Job-Chicago-IL-US-169747093.aspx,"4511 S Karlov Ave, Chicago, IL 60632
"
"DePaul University
",Chicago,1,http://jobview.monster.com/District-Sales-Representative-Entry-Level-Job-Chicago-IL-US-169692565.aspx,"952 W Vernon Park Pl, Chicago, IL 60607
"
"University of Illinois at Chicago
",Chicago,7,http://jobview.monster.com/Territory-Sales-Manager-Job-Chicago-IL-US-164942374.aspx,"848 S Carpenter St, Chicago, IL 60607
"
"Wheaton College
",Chicago,5,http://jobview.monster.com/Senior-Sales-Manager-Job-Chicago-IL-US-169111498.aspx,"2428 N Kilpatrick Ave, Chicago, IL 60639
"
"DePaul University
",Chicago,7,http://jobview.monster.com/Sales-Account-Manager-Job-Chicago-IL-US-169372217.aspx,"1515 W Farwell Ave, Chicago, IL 60626
"
"Wheaton College
",Chicago,6,http://jobview.monster.com/Sales-Assistant-Korean-English-Bilingual-Job-Mount-Prospect-IL-US-168762074.aspx,"4230 N Whipple St, Chicago, IL 60618
"
Valparaiso University,Chicago,3,http://jobview.monster.com/Outside-Sales-Representative-Chicago-IL-Job-Chicago-IL-US-168767664.aspx,"1331 W Lunt Ave, Chicago, IL 60626
"
"DePaul University
",Chicago,2,http://jobview.monster.com/Field-Care-Specialist-Sales-Customer-Service-Job-chicago-IL-US-168828947.aspx,"1515 W Farwell Ave, Chicago, IL 60626
"
"Wheaton College
",Chicago,5,http://jobview.monster.com/Entry-Level-Marketing-Sales-Restaurant-Retail-Background-No-Nights-Weekends-Job-Chicago-IL-US-169651145.aspx,"1454 S Emerald Ave, Chicago, IL 60607
"
"Wheaton College
",Chicago,3,http://jobview.monster.com/E-Commerce-Merchandising-National-Account-Sales-Representative-Job-Morton-Grove-IL-US-168043117.aspx,"848 S Carpenter St, Chicago, IL 60607
"
"University of Illinois at Chicago
",Chicago,6,http://jobview.monster.com/PROMOTIONAL-SALES-SPECIALIST-PART-TIME-Job-Bolingbrook-IL-US-169057054.aspx,"2428 N Kilpatrick Ave, Chicago, IL 60639
"
"DePaul University
",Chicago,0,http://jobview.monster.com/Financial-Advisor-Sales-Associate-Grow-with-us-Job-Tinley-Park-IL-US-161739643.aspx,"4649 W Schubert Ave, Chicago, IL 60639
"
Valparaiso University,Chicago,6,http://jobview.monster.com/Sales-Representative-Job-Chicago-IL-US-166035908.aspx,"4842 S Lavergne Ave, Chicago, IL 60638
"
"University of Illinois at Chicago
",Chicago,0,http://jobview.monster.com/Marketing-Advertising-Sales-Representative-Job-Northbrook-IL-US-148409710.aspx,"952 W Vernon Park Pl, Chicago, IL 60607
"
"DePaul University
",Chicago,5,http://job-openings.monster.com/monster/3fa487f3-7bbf-4440-aba4-62628e9f1a93,"4728 N Hamlin Ave, Chicago, IL 60625
"
"DePaul University
",Chicago,2,http://jobview.monster.com/business-marketing-manager-job-ontario-ca-us-169095083.aspx,"6407 N Newgard Ave, Chicago, IL 60626
"
"DePaul University
",Chicago,0,http://jobview.monster.com/Territory-Manager-Job-Chicago-IL-US-168953628.aspx,"1051 W Maxwell St, Chicago, IL 60608
"
"University of Illinois at Chicago
",Chicago,7,http://jobview.monster.com/Sales-Representative-w-Base-Guarantee-Job-Schaumburg-IL-US-168620109.aspx,"848 S Carpenter St, Chicago, IL 60607
"
"Wheaton College
",Chicago,7,http://jobview.monster.com/Recruiter-Sales-Account-Manager-Staffing-Sales-Unlimited-Career-Growth-Earning-Potential!-Job-Hinsdale-IL-US-169039412.aspx,"1454 S Emerald Ave, Chicago, IL 60607
"
"University of Illinois at Chicago
",Chicago,2,http://jobview.monster.com/Sales-Service-Lead-Generator-HVAC-Job-Chicago-IL-US-169261124.aspx,"1660 W Schreiber Ave, Chicago, IL 60626
"
"Wheaton College
",Chicago,6,http://jobview.local-jobs.monster.com/PRESTA-TECHNICAL-SALES-REPRESENTATIVE-Job-Chicago-IL-US-169265541.aspx,"4807 S Kilpatrick Ave, Chicago, IL 60632
"
"Wheaton College
",Chicago,5,http://jobview.monster.com/its-project-engineer-job-franklin-wi-us-167586672.aspx,"4230 N Whipple St, Chicago, IL 60618
"
"University of Illinois at Chicago
",Chicago,6,http://jobview.monster.com/Sales-Manager-Job-Itasca-IL-US-169466545.aspx,"6407 N Newgard Ave, Chicago, IL 60626
"
"DePaul University
",Chicago,4,http://jobview.monster.com/Inside-Sales-Rep-Job-Addison-IL-US-168491566.aspx,"4728 N Hamlin Ave, Chicago, IL 60625
"
Valparaiso University,Chicago,5,http://jobview.monster.com/Sales-Engineer-Job-Chicago-IL-US-169677105.aspx,"1943 W Belle Plaine Ave, Chicago, IL 60613
"
Valparaiso University,Chicago,5,http://jobview.monster.com/Marketing-Sales-Representative-Job-Chicago-IL-US-168621653.aspx,"4728 N Hamlin Ave, Chicago, IL 60625
"
"University of Illinois at Chicago
",Chicago,0,http://jobview.monster.com/Marketing-Sales-Consultant-Job-Lombard-IL-US-168872272.aspx,"6332 S Lamon Ave, Chicago, IL 60638
"
"DePaul University
",Chicago,7,http://jobview.monster.com/Store-Manager-Assistant-Manager-Sales-Associates-Job-Woodridge-IL-US-169636518.aspx,"1348 W Washburne Ave, Chicago, IL 60608
"
"University of Illinois at Chicago
",Chicago,5,http://jobview.monster.com/chief-of-operations-job-colorado-springs-co-us-168716225.aspx,"952 W Vernon Park Pl, Chicago, IL 60607
"
"Wheaton College
",Chicago,3,http://jobview.monster.com/Mortgage-Account-Executive-Job-Chicago-IL-US-168718520.aspx,"1515 W Farwell Ave, Chicago, IL 60626
"
"DePaul University
",Chicago,7,http://jobview.monster.com/Account-Executive-Job-Oak-Brook-IL-US-169262148.aspx,"6407 N Newgard Ave, Chicago, IL 60626
"
"Wheaton College
",Chicago,4,http://jobview.monster.com/National-Account-Manager-Industrial-Medical-Job-Chicago-IL-IL-US-168672252.aspx,"1348 W Washburne Ave, Chicago, IL 60608
"
"DePaul University
",Chicago,3,http://jobview.monster.com/OUTSIDE-SALES-CONSULTANT-EVANSTON-Job-Evanston-IL-US-169657023.aspx,"6407 N Newgard Ave, Chicago, IL 60626
"
"DePaul University
",Chicago,6,http://jobview.monster.com/Key-Account-Manager-Job-Chicago-IL-US-168697328.aspx,"848 S Carpenter St, Chicago, IL 60607
"
Valparaiso University,Chicago,1,http://jobview.monster.com/Account-Manager-Customer-Service-Representative-Job-Lisle-IL-US-169567935.aspx,"4807 S Kilpatrick Ave, Chicago, IL 60632
"
"University of Illinois at Chicago
",Chicago,0,http://jobview.monster.com/Financial-Advisor-Financial-Sales-Representative-Full-Time-Sales-We-Train-No-Experience-needed-Job-Downers-Grove-IL-US-169656766.aspx,"1943 W Belle Plaine Ave, Chicago, IL 60613
"
"University of Illinois at Chicago
",Chicago,3,http://jobview.monster.com/Territory-Manager-IL-MN-WI-Job-Chicago-IL-US-168760601.aspx,"1051 W Maxwell St, Chicago, IL 60608
"
Valparaiso University,Chicago,4,http://jobview.monster.com/Account-Manager-Commercial-P-C-Direct-Hire-Job-Schaumburg-IL-US-168499328.aspx,"2428 N Kilpatrick Ave, Chicago, IL 60639
"
"DePaul University
",Chicago,7,http://jobview.monster.com/Call-Center-Representative-Ready-for-your-next-Call-Center-Role-Job-Chicago-IL-US-169750080.aspx,"1348 W Washburne Ave, Chicago, IL 60608
"
"Wheaton College
",Chicago,4,http://jobview.monster.com/Inside-Sales-Representative-Job-Chicago-IL-US-164815296.aspx,"6332 S Lamon Ave, Chicago, IL 60638
"
Valparaiso University,Chicago,5,http://jobview.monster.com/Sales-Engineer-Job-Des-Plaines-IL-US-168701369.aspx,"1051 W Maxwell St, Chicago, IL 60608
"
"University of Illinois at Chicago
",Chicago,4,http://jobview.monster.com/National-Channel-Manager-Job-Chicago-IL-US-169473379.aspx,"6407 N Newgard Ave, Chicago, IL 60626
"
"University of Illinois at Chicago
",Chicago,0,http://jobview.monster.com/Business-Development-Executive-Chicago-Job-Chicago-IL-US-169032624.aspx,"2428 N Kilpatrick Ave, Chicago, IL 60639
"
"Wheaton College
",Chicago,1,http://job-openings.monster.com/monster/6d1c811d-0d04-485d-861f-135f41eb828a,"4649 W Schubert Ave, Chicago, IL 60639
"
"Wheaton College
",Chicago,3,http://job-openings.monster.com/monster/0adb5e90-5bce-442e-8fa9-78173bb4e00a,"2428 N Kilpatrick Ave, Chicago, IL 60639
"
"DePaul University
",Chicago,7,http://job-openings.monster.com/monster/8cb3c997-2bc1-44ad-b082-f73347535a5c,"1515 W Farwell Ave, Chicago, IL 60626
"
Valparaiso University,Chicago,1,http://job-openings.monster.com/monster/4ee8e4d3-84cb-4ae3-9e50-e63ee05579d9,"1660 W Schreiber Ave, Chicago, IL 60626
"
"DePaul University
",Chicago,3,http://jobview.monster.com/Commercial-Insurance-Account-Executive-Job-Chicago-IL-US-167763867.aspx,"952 W Vernon Park Pl, Chicago, IL 60607
"
"DePaul University
",Chicago,5,http://jobview.monster.com/Territory-Development-Manager-Job-Northbrook-IL-US-168578318.aspx,"1454 S Emerald Ave, Chicago, IL 60607
"
Valparaiso University,Chicago,0,http://job-openings.monster.com/monster/a47e2ff4-2300-4bb5-842d-3995017b1510,"848 S Carpenter St, Chicago, IL 60607
"
"DePaul University
",Chicago,4,http://jobview.monster.com/Event-Specialist-Part-Time-Sales-ACO-Job-Chicago-IL-US-169303480.aspx,"4230 N Whipple St, Chicago, IL 60618
"
"University of Illinois at Chicago
",Chicago,3,http://job-openings.monster.com/monster/b6c46298-bcf7-4ac6-b965-b6c02373f757,"848 S Carpenter St, Chicago, IL 60607
"
"Wheaton College
",Chicago,1,http://job-openings.monster.com/monster/6cf3f3c4-009c-4d67-bc84-c7557140330d,"1943 W Belle Plaine Ave, Chicago, IL 60613
"
"University of Illinois at Chicago
",Chicago,0,http://job-openings.monster.com/monster/4b88ddd9-f090-41d7-8cf9-60af0e2cefd9,"848 S Carpenter St, Chicago, IL 60607
"
"Wheaton College
",Chicago,7,http://job-openings.monster.com/monster/cc462e98-3783-42bc-b1d2-9745325a87ac,"1348 W Washburne Ave, Chicago, IL 60608
"
"University of Illinois at Chicago
",Chicago,2,http://job-openings.monster.com/monster/0555a0a7-dd84-4c46-a2b4-aa92e294aae5,"1331 W Lunt Ave, Chicago, IL 60626
"
"DePaul University
",Chicago,3,http://job-openings.monster.com/monster/d8a6a71c-9745-48d5-827e-8749c623f884,"1515 W Farwell Ave, Chicago, IL 60626
"
"Wheaton College
",Chicago,1,http://job-openings.monster.com/monster/d576c424-e7e5-4595-843f-f9f71cad2b71,"848 S Carpenter St, Chicago, IL 60607
"
"Wheaton College
",Chicago,2,http://job-openings.monster.com/monster/d006ea9c-fae1-4f05-a4e3-ce21600fa6c5,"4728 N Hamlin Ave, Chicago, IL 60625
"
Valparaiso University,Chicago,5,http://job-openings.monster.com/monster/2341dc7d-dcc7-4e47-b060-d428f8f3aa7c,"1348 W Washburne Ave, Chicago, IL 60608
"
"University of Illinois at Chicago
",Chicago,4,http://job-openings.monster.com/monster/bf671f09-6480-486c-b91f-4e24f1c8ae5f,"4230 N Whipple St, Chicago, IL 60618
"
"University of Illinois at Chicago
",Chicago,2,http://job-openings.monster.com/monster/40e74866-b347-4f48-ae8f-a9c4501b5244,"1348 W Washburne Ave, Chicago, IL 60608
"
"Wheaton College
",Chicago,2,http://job-openings.monster.com/monster/5b964d85-a95f-4071-9315-e254682ed63d,"4649 W Schubert Ave, Chicago, IL 60639
"
"DePaul University
",Chicago,7,http://job-openings.monster.com/monster/760c8519-e41a-49b0-b768-644b959552c6,"1515 W Farwell Ave, Chicago, IL 60626
"
"DePaul University
",Chicago,2,http://job-openings.monster.com/monster/3ed7347f-3d7f-4932-a33f-2406e2fe9b2c,"6407 N Newgard Ave, Chicago, IL 60626
"
"Wheaton College
",Chicago,6,http://job-openings.monster.com/monster/5b3614da-1744-4a84-b901-294ef8f8d31a,"4230 N Whipple St, Chicago, IL 60618
"
"DePaul University
",Chicago,6,http://job-openings.monster.com/monster/f806bfd5-4f8a-4348-ab21-f7c71f684f4a,"848 S Carpenter St, Chicago, IL 60607
"
"Wheaton College
",Chicago,5,http://job-openings.monster.com/monster/97544cc6-0ec2-44bd-88f6-2ace332c0d64,"1051 W Maxwell St, Chicago, IL 60608
"
Valparaiso University,Chicago,1,http://job-openings.monster.com/monster/39d57492-34ee-4000-93f8-780d2473efb3,"4649 W Schubert Ave, Chicago, IL 60639
"
Valparaiso University,Chicago,0,http://job-openings.monster.com/monster/22bc7de8-776e-4b95-b333-698a1f88a1d3,"4649 W Schubert Ave, Chicago, IL 60639
"
Valparaiso University,Chicago,3,http://job-openings.monster.com/monster/97544cc6-0ec2-44bd-88f6-2ace332c0d64,"1515 W Farwell Ave, Chicago, IL 60626
"
"DePaul University
",Chicago,1,http://job-openings.monster.com/monster/e8eaa35c-61e7-404b-a595-029e9dd24d59,"952 W Vernon Park Pl, Chicago, IL 60607
"
"University of Illinois at Chicago
",Chicago,3,http://jobview.monster.com/AUTO-PARTS-COUNTER-SALES-NO-EXP-REQ'D-BI-LINGUAL-IS-A-PLUS-SEE-DETAILS-Job-Chicago-IL-US-169640624.aspx,"6407 N Newgard Ave, Chicago, IL 60626
"
Valparaiso University,Chicago,6,http://job-openings.monster.com/monster/fcf8a39b-26b4-4a57-9f2c-42daea0388b1,"848 S Carpenter St, Chicago, IL 60607
"
Valparaiso University,Chicago,6,http://job-openings.monster.com/monster/eafdc522-5cf1-448e-a032-37b1f487ca53,"6407 N Newgard Ave, Chicago, IL 60626
"
"Wheaton College
",Chicago,7,http://job-openings.monster.com/monster/397f846a-dfed-4232-874c-7308b80bad4b,"2428 N Kilpatrick Ave, Chicago, IL 60639
"
"University of Illinois at Chicago
",Chicago,5,http://job-openings.monster.com/monster/2118e709-e03a-4dd2-ac8d-63293671f74a,"2428 N Kilpatrick Ave, Chicago, IL 60639
"
"University of Illinois at Chicago
",Chicago,4,http://job-openings.monster.com/monster/645a1f39-4195-4032-9576-7f518534876f,"1660 W Schreiber Ave, Chicago, IL 60626
"
"DePaul University
",Chicago,1,http://job-openings.monster.com/monster/6762b97e-5478-4cff-9964-00ae5c485545,"4807 S Kilpatrick Ave, Chicago, IL 60632
"
Valparaiso University,Chicago,4,http://job-openings.monster.com/monster/a1ff5494-e737-4788-8e38-6db40b0f2aea,"4230 N Whipple St, Chicago, IL 60618
"
"University of Illinois at Chicago
",Chicago,0,http://job-openings.monster.com/monster/a42b2d71-d33e-41a9-a4a4-c4be0581bee3,"1515 W Farwell Ave, Chicago, IL 60626
"
"DePaul University
",Chicago,6,http://job-openings.monster.com/monster/addf5f31-1681-4e2e-8e71-cd570af39492,"952 W Vernon Park Pl, Chicago, IL 60607
"
"University of Illinois at Chicago
",Chicago,1,http://job-openings.monster.com/monster/d6c8a8a7-6f58-456a-a2fa-41dbafee030d,"4728 N Hamlin Ave, Chicago, IL 60625
"
"DePaul University
",Chicago,2,http://job-openings.monster.com/monster/a4c62335-f6b6-43e4-b684-9cc4728f30bf,"1612 W Estes Ave, Chicago, IL 60626
"
Valparaiso University,Chicago,2,http://job-openings.monster.com/monster/b7c7a7d2-c9af-452c-8dea-3eeabf0c101f,"1612 W Estes Ave, Chicago, IL 60626
"
"Wheaton College
",Chicago,7,http://jobview.monster.com/Receiving-Clerk-Job-Arlington-Heights-IL-US-169610306.aspx,"6407 N Newgard Ave, Chicago, IL 60626
"
"DePaul University
",Chicago,0,http://jobview.monster.com/Data-Entry-Clerk-Job-Melrose-Park-IL-US-168753355.aspx,"1454 S Emerald Ave, Chicago, IL 60607
"
"Wheaton College
",Chicago,7,http://jobview.monster.com/general-clerk-job-us-167796916.aspx,"6332 S Lamon Ave, Chicago, IL 60638
"
"Wheaton College
",Chicago,7,http://job-openings.monster.com/monster/650c7fa2-6279-45f9-8ae4-0d4f548dd80b,"6407 N Newgard Ave, Chicago, IL 60626
"
"DePaul University
",Chicago,3,http://job-openings.monster.com/monster/956b7fc8-4843-4b82-8847-afd593803886,"4807 S Kilpatrick Ave, Chicago, IL 60632
"
Valparaiso University,Chicago,3,http://job-openings.monster.com/monster/4f01cfe7-26a0-46a8-890f-f36d7c48493a,"2428 N Kilpatrick Ave, Chicago, IL 60639
"
"DePaul University
",Chicago,2,http://job-openings.monster.com/monster/be02285d-fbc3-4e39-ae20-49c2f9594846,"848 S Carpenter St, Chicago, IL 60607
"
"Wheaton College
",Chicago,0,http://job-openings.monster.com/monster/7ea24e03-a011-4a65-b1d9-c42eac1e8c0b,"1660 W Schreiber Ave, Chicago, IL 60626
"
"DePaul University
",Chicago,3,http://job-openings.monster.com/monster/df507d31-4e3c-4be3-a0a4-69ccc53f7163,"952 W Vernon Park Pl, Chicago, IL 60607
"
"Wheaton College
",Chicago,4,http://job-openings.monster.com/monster/fb74ae00-58c1-46b3-90e3-4e833d8c7ba6,"6407 N Newgard Ave, Chicago, IL 60626
"
"Wheaton College
",Chicago,5,http://job-openings.monster.com/monster/f33fdec3-6d40-4f1b-ad03-fa0492b960ed,"1943 W Belle Plaine Ave, Chicago, IL 60613
"
"University of Illinois at Chicago
",Chicago,5,http://job-openings.monster.com/monster/68da40e2-14a0-455d-a7e1-a91e054a97b1,"4842 S Lavergne Ave, Chicago, IL 60638
"
Valparaiso University,Chicago,7,http://job-openings.monster.com/monster/0fe04251-dd46-48c3-8a64-ab616f4d03cf,"4728 N Hamlin Ave, Chicago, IL 60625
"
"University of Illinois at Chicago
",Chicago,4,http://job-openings.monster.com/monster/a9dfc8cb-58c8-4af4-bc9c-c014df035eca,"4649 W Schubert Ave, Chicago, IL 60639
"
"DePaul University
",Chicago,5,http://job-openings.monster.com/monster/e85ef425-53d5-411a-80c7-87e2cc652240,"4728 N Hamlin Ave, Chicago, IL 60625
"
"DePaul University
",Chicago,6,http://job-openings.monster.com/monster/0ec27737-6678-41a2-9016-fafc08b0a826,"6332 S Lamon Ave, Chicago, IL 60638
"
"DePaul University
",Chicago,4,http://job-openings.monster.com/monster/5e1ce5f3-f6de-4c58-962b-4dd0347d6e2d,"1660 W Schreiber Ave, Chicago, IL 60626
"
Valparaiso University,Chicago,6,http://job-openings.monster.com/monster/11c44813-2bbf-4a95-9a81-5b6c152f2435,"1612 W Estes Ave, Chicago, IL 60626
"
"DePaul University
",Chicago,4,http://job-openings.monster.com/monster/8bb97e55-5f15-48c8-b4c3-108695ad628c,"1454 S Emerald Ave, Chicago, IL 60607
"
"Wheaton College
",Chicago,2,http://job-openings.monster.com/monster/bc3db8c8-5c48-4f34-8397-de6074a9fdbb,"1612 W Estes Ave, Chicago, IL 60626
"
Valparaiso University,Chicago,5,http://job-openings.monster.com/monster/729a4845-d954-491b-b7fb-d4a6a161c016,"4842 S Lavergne Ave, Chicago, IL 60638
"
"University of Illinois at Chicago
",Chicago,6,http://job-openings.monster.com/monster/d7d522be-eff6-4f56-a8be-7d2fd766090a,"1943 W Belle Plaine Ave, Chicago, IL 60613
"
"Wheaton College
",Chicago,4,http://job-openings.monster.com/monster/0360ba8e-730a-447b-9696-6163853d3f17,"1612 W Estes Ave, Chicago, IL 60626
"
Valparaiso University,Chicago,3,http://job-openings.monster.com/monster/01369192-f9ba-4a80-84e8-b085515e83d2,"1348 W Washburne Ave, Chicago, IL 60608
"
Valparaiso University,Chicago,4,http://job-openings.monster.com/monster/7e027206-0cd8-4bd1-a02c-c0d9acfb8e93,"848 S Carpenter St, Chicago, IL 60607
"
"DePaul University
",Chicago,3,http://job-openings.monster.com/monster/eb596874-1939-4bef-b9a3-a2b2c840d494,"4728 N Hamlin Ave, Chicago, IL 60625
"
"University of Illinois at Chicago
",Chicago,2,http://job-openings.monster.com/monster/767f5028-b52b-4d0e-8722-268d27126554,"1331 W Lunt Ave, Chicago, IL 60626
"
"University of Illinois at Chicago
",Chicago,3,http://job-openings.monster.com/monster/1206cdfa-ce93-402f-89f3-4ae50c1d5980,"1348 W Washburne Ave, Chicago, IL 60608
"
"Wheaton College
",Chicago,0,http://job-openings.monster.com/monster/408af5aa-bfca-4258-8879-a3c64fc33881,"1612 W Estes Ave, Chicago, IL 60626
"
Valparaiso University,Chicago,4,http://job-openings.monster.com/monster/4686e294-cc97-4794-b994-b56236cfd3ae,"1943 W Belle Plaine Ave, Chicago, IL 60613
"
"Wheaton College
",Chicago,5,http://job-openings.monster.com/monster/c1c65355-24cc-4fd9-b549-68285a9c773c,"1660 W Schreiber Ave, Chicago, IL 60626
"
"Wheaton College
",Chicago,6,http://job-openings.monster.com/monster/b0217b8a-969a-45ed-938f-622ff112037c,"1612 W Estes Ave, Chicago, IL 60626
"
"University of Illinois at Chicago
",Chicago,5,http://job-openings.monster.com/monster/8a93a633-7e81-44c6-8a17-d03606389346,"6332 S Lamon Ave, Chicago, IL 60638
"
Valparaiso University,Chicago,0,http://job-openings.monster.com/monster/7fda6319-e693-4b5e-9772-dbfd37ae7351,"4649 W Schubert Ave, Chicago, IL 60639
"
"Wheaton College
",Chicago,4,http://job-openings.monster.com/monster/3610da60-5d32-4bc3-9271-df1792ae4ac2,"1515 W Farwell Ave, Chicago, IL 60626
"
"DePaul University
",Chicago,4,http://job-openings.monster.com/monster/e8cc8419-b952-4879-aa79-396440ef968e,"4842 S Lavergne Ave, Chicago, IL 60638
"
"DePaul University
",Chicago,5,http://job-openings.monster.com/monster/37a902ef-2acc-436d-b34c-70eba9597852,"1348 W Washburne Ave, Chicago, IL 60608
"
Valparaiso University,Chicago,2,http://job-openings.monster.com/monster/1ddc7c27-f213-4b69-91b0-b6e26d407189,"1348 W Washburne Ave, Chicago, IL 60608
"
"University of Illinois at Chicago
",Chicago,1,http://job-openings.monster.com/monster/6ab0984a-1799-419c-8215-92daf7802d8f,"6332 S Lamon Ave, Chicago, IL 60638
"
Valparaiso University,Chicago,2,http://job-openings.monster.com/monster/1d274707-173d-4dbf-93e9-6f6db83a67e4,"1348 W Washburne Ave, Chicago, IL 60608
"
Valparaiso University,Chicago,6,http://job-openings.monster.com/monster/cbdbfeff-a94e-447e-bddb-da137bfe4561,"1454 S Emerald Ave, Chicago, IL 60607
"
"University of Illinois at Chicago
",Chicago,7,http://job-openings.monster.com/monster/9737fd4a-9b4a-45c6-a4c1-eaf4d90a03a8,"6332 S Lamon Ave, Chicago, IL 60638
"
"University of Illinois at Chicago
",Chicago,6,http://job-openings.monster.com/monster/53cc5793-ed5d-4360-a5a9-903b8b12a88a,"4728 N Hamlin Ave, Chicago, IL 60625
"
Valparaiso University,Chicago,7,http://job-openings.monster.com/monster/f6177f24-70ef-458f-9693-7ef3125cf414,"6332 S Lamon Ave, Chicago, IL 60638
"
"Wheaton College
",Chicago,5,http://job-openings.monster.com/monster/a63eb12b-4ef3-40b8-9483-fa0ecae98086,"4649 W Schubert Ave, Chicago, IL 60639
"
"DePaul University
",Chicago,6,http://job-openings.monster.com/monster/8bddca68-56e5-4220-a6b1-1fab1d16cc73,"1515 W Farwell Ave, Chicago, IL 60626
"
Valparaiso University,Chicago,3,http://job-openings.monster.com/monster/9d63d74f-7cb6-498f-923f-17a3fd2e2741,"952 W Vernon Park Pl, Chicago, IL 60607
"
"Wheaton College
",Chicago,3,http://job-openings.monster.com/monster/06471285-505c-4af7-8db9-1ecc720868f4,"952 W Vernon Park Pl, Chicago, IL 60607
"
"Wheaton College
",Chicago,6,http://job-openings.monster.com/monster/05c85f34-e44e-4efb-9c70-b17966d82d50,"4230 N Whipple St, Chicago, IL 60618
"
Valparaiso University,Chicago,6,http://job-openings.monster.com/monster/7e7104bf-8665-48a5-afb3-9fe0a57c2de1,"4230 N Whipple St, Chicago, IL 60618
"
"DePaul University
",Chicago,2,http://job-openings.monster.com/monster/2336445f-7b87-4c78-b49d-1e73272fbe98,"952 W Vernon Park Pl, Chicago, IL 60607
"
"DePaul University
",Chicago,5,http://job-openings.monster.com/monster/decdb08b-ea4e-4caa-ac57-93864804eab3,"6407 N Newgard Ave, Chicago, IL 60626
"
"Wheaton College
",Chicago,6,http://job-openings.monster.com/monster/67dbd5af-3c87-4f27-aab7-a057190bac3a,"6407 N Newgard Ave, Chicago, IL 60626
"
"Wheaton College
",Chicago,7,http://job-openings.monster.com/monster/09a73074-6ccf-4e89-98ac-a9d84138367f,"4230 N Whipple St, Chicago, IL 60618
"
"University of Illinois at Chicago
",Chicago,1,http://job-openings.monster.com/monster/f09ec2c4-4e44-493d-8c88-86835dabc8af,"848 S Carpenter St, Chicago, IL 60607
"
"University of Illinois at Chicago
",Chicago,6,http://job-openings.monster.com/monster/dfd6db84-3d2d-4737-80a1-671cac6d42eb,"4807 S Kilpatrick Ave, Chicago, IL 60632
"
"University of Illinois at Chicago
",Chicago,0,http://job-openings.monster.com/monster/e20a6cc5-4f00-4314-a741-8bef392b1150,"848 S Carpenter St, Chicago, IL 60607
"
"University of Illinois at Chicago
",Chicago,3,http://job-openings.monster.com/monster/93b685cd-325a-45ef-8061-21b6b78d6760,"1051 W Maxwell St, Chicago, IL 60608
"
Valparaiso University,Chicago,5,http://job-openings.monster.com/monster/c22b8533-482d-4bc6-b8b3-fab7585277c2,"1348 W Washburne Ave, Chicago, IL 60608
"
"DePaul University
",Chicago,4,http://job-openings.monster.com/monster/24ebed9c-3bce-464b-ac38-f954ef03f212,"4511 S Karlov Ave, Chicago, IL 60632
"
Valparaiso University,Chicago,3,http://job-openings.monster.com/monster/20c372db-941a-4380-bea4-c44e6e93a4cf,"4807 S Kilpatrick Ave, Chicago, IL 60632
"
"DePaul University
",Chicago,1,http://job-openings.monster.com/monster/9f23135a-9c07-426c-9264-80dc65d4d0c9,"4230 N Whipple St, Chicago, IL 60618
"
"Wheaton College
",Chicago,1,http://job-openings.monster.com/monster/7da28ae2-992e-424c-b0fb-16e4b15ad3b9,"1660 W Schreiber Ave, Chicago, IL 60626
"
"University of Illinois at Chicago
",Chicago,7,http://job-openings.monster.com/monster/421733c8-bdf9-4bae-945d-02af0a01d463,"6332 S Lamon Ave, Chicago, IL 60638
"
Valparaiso University,Chicago,3,http://job-openings.monster.com/monster/d86b01d2-2ee1-45ff-927a-31f84a9f3732,"1660 W Schreiber Ave, Chicago, IL 60626
"
Valparaiso University,Chicago,5,http://job-openings.monster.com/monster/eb96340a-3d24-47be-ab34-9533562c414d,"2428 N Kilpatrick Ave, Chicago, IL 60639
"
"University of Illinois at Chicago
",Chicago,2,http://job-openings.monster.com/monster/756f010e-e5c6-4aeb-abd1-d8e9946ff9e2,"2428 N Kilpatrick Ave, Chicago, IL 60639
"
"DePaul University
",Chicago,4,http://job-openings.monster.com/monster/c0d2a426-d154-491b-86d7-f0d6de5448d3,"4842 S Lavergne Ave, Chicago, IL 60638
"
"Wheaton College
",Chicago,3,http://job-openings.monster.com/monster/f171d89b-eef2-412c-969c-89d42c744624,"6332 S Lamon Ave, Chicago, IL 60638
"
"Wheaton College
",Chicago,3,http://job-openings.monster.com/monster/92a63a08-7d9b-49c8-a2e9-5d7ef5f50870,"1612 W Estes Ave, Chicago, IL 60626
"
Valparaiso University,Chicago,0,http://job-openings.monster.com/monster/6d790d73-e31a-44ef-91ed-4d279c5d207b,"4649 W Schubert Ave, Chicago, IL 60639
"
Valparaiso University,Chicago,0,http://job-openings.monster.com/monster/b16eb0f9-2312-4fc5-b2da-1776f03613fb,"4807 S Kilpatrick Ave, Chicago, IL 60632
"
Valparaiso University,Chicago,0,http://job-openings.monster.com/monster/0fa43061-400b-4149-9813-6604a97e4ab6,"4842 S Lavergne Ave, Chicago, IL 60638
"
"DePaul University
",Chicago,6,http://job-openings.monster.com/monster/9f4d70f3-3d6a-4059-8313-70f0206c3e2b,"1331 W Lunt Ave, Chicago, IL 60626
"
"Wheaton College
",Chicago,5,http://job-openings.monster.com/monster/062c744e-6d97-4d74-a366-ffb2910aadc2,"1660 W Schreiber Ave, Chicago, IL 60626
"
"University of Illinois at Chicago
",Chicago,6,http://job-openings.monster.com/monster/a411f82f-2b18-4fbf-a890-ebdc3489cb8f,"1515 W Farwell Ave, Chicago, IL 60626
"
"University of Illinois at Chicago
",Chicago,3,http://job-openings.monster.com/monster/28db94ea-07ca-4fb3-bb87-abd9290074c4,"1331 W Lunt Ave, Chicago, IL 60626
"
"University of Illinois at Chicago
",Chicago,6,http://job-openings.monster.com/monster/e4f3b5d7-3522-4c4e-8134-857fe32aeb6e,"1943 W Belle Plaine Ave, Chicago, IL 60613
"
"DePaul University
",Chicago,0,http://job-openings.monster.com/monster/84c6df08-d355-49c1-a076-be6f5a003296,"6407 N Newgard Ave, Chicago, IL 60626
"
"Wheaton College
",Chicago,7,http://job-openings.monster.com/monster/5cbed90d-673e-48b8-af8d-0fb6a11d89f3,"4807 S Kilpatrick Ave, Chicago, IL 60632
"
"Wheaton College
",Chicago,4,http://job-openings.monster.com/monster/ab470355-47d8-4978-9750-f773191926aa,"1051 W Maxwell St, Chicago, IL 60608
"
"DePaul University
",Chicago,6,http://job-openings.monster.com/monster/2f51be41-ef6c-4843-8c2b-6866f0c0b0c1,"1348 W Washburne Ave, Chicago, IL 60608
"
Valparaiso University,Chicago,6,http://job-openings.monster.com/monster/e3e81c14-df0d-47b7-a46c-3e23c7aa481e,"6407 N Newgard Ave, Chicago, IL 60626
"
"University of Illinois at Chicago
",Chicago,7,http://job-openings.monster.com/monster/8c249955-f78b-4b4f-ac69-424cd81c3a6b,"1515 W Farwell Ave, Chicago, IL 60626
"
"DePaul University
",Chicago,7,http://job-openings.monster.com/monster/20addb45-b10b-40b0-b12d-3ddef77bea6d,"1348 W Washburne Ave, Chicago, IL 60608
"
"University of Illinois at Chicago
",Chicago,4,http://job-openings.monster.com/monster/0373d0c2-64f8-45b0-b399-e83f99c8c6a1,"1660 W Schreiber Ave, Chicago, IL 60626
"
"DePaul University
",Chicago,5,http://job-openings.monster.com/monster/6c6cc5cd-384d-40da-bfb8-4d8ad68eefac,"1943 W Belle Plaine Ave, Chicago, IL 60613
"
"DePaul University
",Chicago,7,http://job-openings.monster.com/monster/e80bf103-2792-4242-90d2-19991b47da50,"1515 W Farwell Ave, Chicago, IL 60626
"
"Wheaton College
",Chicago,6,http://job-openings.monster.com/monster/3585702c-cdc2-477e-b6fe-767c6060eb32,"4807 S Kilpatrick Ave, Chicago, IL 60632
"
"University of Illinois at Chicago
",Chicago,5,http://job-openings.monster.com/monster/c273c292-286a-4c4f-be99-b7c1b5ec114a,"6407 N Newgard Ave, Chicago, IL 60626
"
"University of Illinois at Chicago
",Chicago,4,http://job-openings.monster.com/monster/f218af5e-4e10-4f4a-b7b8-bcf9500d852a,"1612 W Estes Ave, Chicago, IL 60626
"
Valparaiso University,Chicago,6,http://job-openings.monster.com/monster/551e5550-22e5-4951-990a-6cd6110cf7bb,"2428 N Kilpatrick Ave, Chicago, IL 60639
"
"DePaul University
",Chicago,0,http://job-openings.monster.com/monster/63ae5d6a-50cc-449b-85a7-e0c30b26aa76,"4842 S Lavergne Ave, Chicago, IL 60638
"
"DePaul University
",Chicago,7,http://job-openings.monster.com/monster/ceb90a76-da46-4557-b5f9-f2ffb8987913,"1051 W Maxwell St, Chicago, IL 60608
"
"Wheaton College
",Chicago,7,http://job-openings.monster.com/monster/aa0a2397-bc48-4dec-ae86-af69d483b1ec,"4807 S Kilpatrick Ave, Chicago, IL 60632
"
"Wheaton College
",Chicago,6,http://job-openings.monster.com/monster/a551d1fc-08dc-474a-9ce4-5cc16503ddf3,"4842 S Lavergne Ave, Chicago, IL 60638
"
"University of Illinois at Chicago
",Chicago,0,http://job-openings.monster.com/monster/a1ac7358-d7c4-4602-9a8e-586114ee8850,"1612 W Estes Ave, Chicago, IL 60626
"
"DePaul University
",Chicago,7,http://job-openings.monster.com/monster/282a324f-0489-4661-a7ad-51a5f808f0d7,"4230 N Whipple St, Chicago, IL 60618
"
"Pace University
",New York,2,http://jobview.monster.com/Customer-Service-Sales-Rep-Management-Training-Job-Edison-NJ-US-154371144.aspx,"288 Prospect Pl, New York, NY 11238
"
"Pace University
",New York,3,http://jobview.monster.com/Inside-Sales-Manager-Dranetz-Technologies-Inc-Job-Edison-NJ-US-167756896.aspx,"681 Bergen St, New York, NY 11238
"
"Manhattan College
",New York,4,http://jobview.monster.com/Sales-Representative-Job-Iselin-NJ-US-168863997.aspx,"153 Underhill Ave, New York, NY 11238
"
"Fordham University
",New York,4,http://jobview.monster.com/Business-to-Business-Sales-Job-Edison-NJ-US-168975979.aspx,"228 Lincoln Pl, New York, NY 11217
"
"Fordham University
",New York,4,http://jobview.monster.com/Assistant-Sales-Manager-Job-Jersey-City-NJ-US-168886468.aspx,"9 Ploughmans Bush, New York, NY 10471
"
"Fordham University
",New York,2,http://jobview.monster.com/Inside-Sales-Rep-Entry-Level-Job-Long-Island-City-NY-US-169016503.aspx,"153 Underhill Ave, New York, NY 11238
"
"Baruch College
",New York,7,http://jobview.monster.com/Inside-Sales-Representative-Job-New-York-NY-US-168957139.aspx,"41-22 42nd St, New York, NY 11104
"
"Manhattan College
",New York,7,http://jobview.monster.com/Internal-Sales-Representative-Job-Flushing-NY-US-169381759.aspx,"9 Ploughmans Bush, New York, NY 10471
"
"Fordham University
",New York,2,http://jobview.monster.com/senior-sailpoint-consultant-job-us-168117728.aspx,"228 Lincoln Pl, New York, NY 11217
"
"Baruch College
",New York,0,http://jobview.monster.com/Pharmaceutical-Sales-Representative-NYC-NJ-LI-Job-Manhattan-NY-US-169264986.aspx,"4600 Palisade Ave, New York, NY 10471
"
"Baruch College
",New York,2,http://jobview.monster.com/Account-Executive-Technology-Solutions-Job-Matawan-NJ-US-167584151.aspx,"47-11 45th St, New York, NY 11377
"
"Baruch College
",New York,2,http://jobview.monster.com/Sr-Business-Development-Manager-SC14673-Job-New-York-City-NY-US-168757660.aspx,"41-22 42nd St, New York, NY 11104
"
"Baruch College
",New York,6,http://job-openings.monster.com/monster/c8c5dd1a-56fc-40d7-81ab-54047da2c1cf,"4650 Hadley Ave, New York, NY 10471
"
"Pace University
",New York,5,http://jobview.monster.com/Real-Estate-Sales-Associate-Sales-Representative-Job-Staten-Island-NY-US-164140591.aspx,"32-19 76th St, New York, NY 11370
"
"Baruch College
",New York,0,http://jobview.monster.com/Sales-Assistant-Executive-Assistant-Job-Great-Neck-NY-US-169125763.aspx,"41-46 50th St, New York, NY 11377
"
"Baruch College
",New York,5,http://jobview.monster.com/Staples-Temporary-Sales-Associate-Job-Bronx-NY-US-169203850.aspx,"47-11 45th St, New York, NY 11377
"
"Manhattan College
",New York,0,http://jobview.monster.com/Sales-Associate-Job-The-Bronx-NY-US-169653522.aspx,"4600 Palisade Ave, New York, NY 10471
"
"Manhattan College
",New York,1,http://jobview.monster.com/Sales-Pumps-Rotating-Equipment-Job-Edison-NJ-US-169651439.aspx,"9 Ploughmans Bush, New York, NY 10471
"
"Baruch College
",New York,4,http://jobview.monster.com/Sales-Assistant-Job-Hackensack-NJ-US-169072742.aspx,"681 Bergen St, New York, NY 11238
"
"Pace University
",New York,5,http://jobview.monster.com/COMMERCIAL-HOSPITALITY-OUTSIDE-SALES-REP-Job-New-York-City-NY-US-159100907.aspx,"45-44 42nd St, New York, NY 11104
"
"Fordham University
",New York,7,http://jobview.monster.com/Territory-Manager-Job-Brooklyn-NY-US-168954371.aspx,"41-15 50th St, New York, NY 11377
"
"Pace University
",New York,3,http://jobview.monster.com/Manager-Ad-Sales-Finance-Job-New-York-City-NY-US-169308580.aspx,"41-22 42nd St, New York, NY 11104
"
"Baruch College
",New York,2,http://jobview.monster.com/Business-Development-Director-Job-New-York-NY-US-169204513.aspx,"45-44 42nd St, New York, NY 11104
"
"Manhattan College
",New York,7,http://job-openings.monster.com/monster/ca1182fb-e3af-4c9a-898b-1a899ef9cd6e,"9 Ploughmans Bush, New York, NY 10471
"
"Fordham University
",New York,7,http://job-openings.monster.com/monster/d181f093-95d7-4f29-be68-7214bd35a962,"228 Lincoln Pl, New York, NY 11217
"
"Baruch College
",New York,0,http://jobview.monster.com/Retail-Sales-Associate-Showroom-Sales-Design-Consultant-Job-Bronx-NY-US-169445460.aspx,"4600 Palisade Ave, New York, NY 10471
"
"Pace University
",New York,4,http://jobview.monster.com/Sales-Representative-Technology-Solutions-Job-Fairfield-NJ-US-169179728.aspx,"32-19 76th St, New York, NY 11370
"
"Manhattan College
",New York,3,http://jobview.monster.com/Regional-Sales-Director-Job-New-York-NY-US-169114180.aspx,"153 Underhill Ave, New York, NY 11238
"
"Manhattan College
",New York,2,http://jobview.monster.com/Business-Development-Executive-Job-New-York-City-NY-US-169007222.aspx,"32-54 82nd St, New York, NY 11370
"
"Fordham University
",New York,0,http://jobview.monster.com/Aviation-Asset-Advisory-Business-Development-Director-Job-New-York-NY-US-169316177.aspx,"41-46 50th St, New York, NY 11377
"
"Manhattan College
",New York,0,http://jobview.monster.com/Account-Coordinator-Job-Manhattan-NY-US-168928858.aspx,"4069 Dodgewood Rd, New York, NY 10471
"
"Fordham University
",New York,2,http://jobview.monster.com/Medicare-Sales-Enrollment-Representative-Community-Plan-New-York-City-NY-Job-New-York-NY-US-169617423.aspx,"32-43 83rd St, New York, NY 11370
"
"Fordham University
",New York,4,http://jobview.monster.com/Medicare-Sales-Enrollment-Representatives-Community-Plan-Bronx-Brooklyn-NY-Job-Bronx-NY-US-168794669.aspx,"4645 Independence Ave, New York, NY 10471
"
"Manhattan College
",New York,4,http://jobview.monster.com/Import-Clerk-Mandarin-Bilingual-Job-North-Bergen-NJ-US-169210041.aspx,"45-44 42nd St, New York, NY 11104
"
"Baruch College
",New York,4,http://jobview.monster.com/Lead-Sales-Engineer-Job-New-York-NY-US-169399916.aspx,"681 Bergen St, New York, NY 11238
"
"Fordham University
",New York,5,http://jobview.monster.com/Sales-Professional-Job-New-York-NY-US-169631625.aspx,"32-19 76th St, New York, NY 11370
"
"Manhattan College
",New York,0,http://jobview.monster.com/Outside-Industrial-Sales-Base-Salary-Unlimited-Earnings-More-Job-Edison-NJ-US-168182426.aspx,"32-54 80th St, New York, NY 11370
"
"Pace University
",New York,3,http://jobview.monster.com/IT-Staffing-Sales-Position-Job-Manhattan-NY-US-169692784.aspx,"4600 Palisade Ave, New York, NY 10471
"
"Baruch College
",New York,7,http://jobview.monster.com/Account-Lead-Generator-Sales-Job-Hackensack-NJ-Job-Hackensack-NJ-US-169689094.aspx,"32-43 83rd St, New York, NY 11370
"
"Fordham University
",New York,7,http://jobview.monster.com/Director-of-Sales-UHC-International-Miami-FL-or-US-Telecommute-Job-New-York-NY-US-169617361.aspx,"4600 Palisade Ave, New York, NY 10471
"
"Pace University
",New York,6,http://jobview.monster.com/Sales-Planner-Job-New-York-NY-US-168397685.aspx,"4650 Hadley Ave, New York, NY 10471
"
"Baruch College
",New York,0,http://jobview.monster.com/Sales-Assistant-MACHINE-MANUFACTURER-Job-Totowa-NJ-US-169431673.aspx,"41-46 50th St, New York, NY 11377
"
"Fordham University
",New York,3,http://jobview.monster.com/Senior-Global-Relationship-Manager-Job-Florham-Park-NJ-US-168951330.aspx,"41-46 50th St, New York, NY 11377
"
"Fordham University
",New York,0,http://jobview.monster.com/Lead-Generator-Job-North-Bergen-NJ-Job-North-Bergen-NJ-US-168620141.aspx,"47-11 45th St, New York, NY 11377
"
"Pace University
",New York,6,http://jobview.monster.com/Senior-Sales-Manager-Personal-Care-Ingredients-Job-Edison-NJ-US-169661290.aspx,"9 Ploughmans Bush, New York, NY 10471
"
"Baruch College
",New York,5,http://jobview.monster.com/Territory-Manager-Job-Edison-NJ-US-168954393.aspx,"4650 Hadley Ave, New York, NY 10471
"
"Baruch College
",New York,6,http://jobview.monster.com/Sales-Assistant-MACHINE-MANUFACTURER-Job-Totowa-NJ-US-169431673.aspx,"45-44 42nd St, New York, NY 11104
"
"Fordham University
",New York,0,http://jobview.monster.com/Account-Executive-T-Mobile-Business-Sales-Brooklyn-Queens-Job-New-York-NY-US-169273880.aspx,"31-23 80th St, New York, NY 11370
"
"Fordham University
",New York,1,http://jobview.monster.com/Sales-Representative-Manager-Textile-Interlining-Garment-Trims-Job-New-York-NY-US-169406943.aspx,"47-11 45th St, New York, NY 11377
"
"Pace University
",New York,3,http://jobview.monster.com/Direct-Sales-Reps-Job-New-Hyde-Park-NY-US-169285714.aspx,"47-11 45th St, New York, NY 11377
"
"Pace University
",New York,4,http://jobview.monster.com/Sales-Representative-Job-Brooklyn-NY-US-168751366.aspx,"4600 Palisade Ave, New York, NY 10471
"
"Manhattan College
",New York,2,http://jobview.monster.com/Retail-Sales-Manager-In-Training-Job-Paramus-NJ-US-168875532.aspx,"4650 Hadley Ave, New York, NY 10471
"
"Manhattan College
",New York,0,http://jobview.monster.com/VP-National-Online-Advertising-Sales-TV-Network-Job-Manhattan-NY-US-169174838.aspx,"4069 Dodgewood Rd, New York, NY 10471
"
"Baruch College
",New York,5,http://jobview.monster.com/Sales-Representative-Job-Brooklyn-NY-US-168751366.aspx,"4600 Palisade Ave, New York, NY 10471
"
"Pace University
",New York,5,http://jobview.monster.com/Sales-Manager-for-Dynamic-Software-Company-Job-New-York-City-NY-US-169484615.aspx,"41-15 50th St, New York, NY 11377
"
"Manhattan College
",New York,5,http://jobview.monster.com/Recruitment-Consultant-Sales-Business-Development-Executive-Job-New-York-NY-US-169632279.aspx,"4600 Palisade Ave, New York, NY 10471
"
"Fordham University
",New York,6,http://jobview.monster.com/Director-of-Sales-Gluten-Free-Food-Products-Job-Englewood-Cliffs-NJ-US-168752349.aspx,"32-19 76th St, New York, NY 11370
"
"Manhattan College
",New York,5,http://jobview.monster.com/Entry-Level-Sales-Account-Manager-Job-Hempstead-NY-US-169092047.aspx,"4069 Dodgewood Rd, New York, NY 10471
"
"Fordham University
",New York,6,http://jobview.monster.com/Sales-Associate-Interior-Designer-Job-Paramus-NJ-US-169482710.aspx,"4650 Hadley Ave, New York, NY 10471
"
"Baruch College
",New York,2,http://jobview.monster.com/Sales-Assistant-Job-New-York-City-NY-US-168185304.aspx,"41-15 50th St, New York, NY 11377
"
"Manhattan College
",New York,6,http://jobview.monster.com/General-Manager-Sales-Manager-Sales-Owner-Operator-Job-New-York-City-NY-US-151134577.aspx,"228 Lincoln Pl, New York, NY 11217
"
"Manhattan College
",New York,0,http://jobview.monster.com/Sales-Manager-Food-Industry-Job-Rockleigh-NJ-US-169306015.aspx,"4650 Hadley Ave, New York, NY 10471
"
"Fordham University
",New York,7,http://jobview.monster.com/Consumer-Electronics-Sales-Specialist-Part-Time-Job-Jersey-City-NJ-US-169057220.aspx,"41-15 50th St, New York, NY 11377
"
"Pace University
",New York,4,http://jobview.monster.com/Regional-Sales-Director-Job-new-york-NY-US-169426111.aspx,"32-19 76th St, New York, NY 11370
"
"Pace University
",New York,1,http://jobview.monster.com/FIOS-Consumer-Sales-Consultant-Job-Queens-NY-US-169007617.aspx,"228 Lincoln Pl, New York, NY 11217
"
"Baruch College
",New York,0,http://jobview.monster.com/Sales-Entry-Level-Sales-Sales-Marketing-Management-Training-Provided-Job-New-York-City-NY-US-129583778.aspx,"4650 Hadley Ave, New York, NY 10471
"
"Baruch College
",New York,7,http://jobview.monster.com/Sr-Associate-Compliance-Sales-Advtg-Material-Job-New-York-NY-US-169706967.aspx,"153 Underhill Ave, New York, NY 11238
"
"Baruch College
",New York,7,http://jobview.monster.com/Gift-Shop-Part-Time-Sales-Associate-Job-Englewood-NJ-US-169203984.aspx,"41-22 42nd St, New York, NY 11104
"
"Fordham University
",New York,5,http://jobview.monster.com/Newborn-Photographer-Sales-Representative-Part-Time-Oceanside-NY-Job-Oceanside-NY-US-168880145.aspx,"31-23 80th St, New York, NY 11370
"
"Fordham University
",New York,1,http://jobview.monster.com/Outside-Sales-%E2%80%93-Account-Executives-%E2%80%93-Payroll-Job-Brooklyn-NY-US-169743177.aspx,"45-44 42nd St, New York, NY 11104
"
"Manhattan College
",New York,0,http://jobview.monster.com/Pharmaceutical-Sales-Professional-Pain-Paterson-NJ-Job-Paterson-NJ-US-168810430.aspx,"9 Ploughmans Bush, New York, NY 10471
"
"Fordham University
",New York,0,http://jobview.monster.com/Newborn-Photographer-Sales-Representative-Part-Time-Brooklyn-NY-Job-Brooklyn-NY-US-169540498.aspx,"41-22 42nd St, New York, NY 11104
"
"Manhattan College
",New York,1,http://job-openings.monster.com/monster/3ebeff86-d601-446a-96f3-af2c2a928215,"32-54 80th St, New York, NY 11370
"
"Fordham University
",New York,0,http://job-openings.monster.com/monster/4994bf62-27da-42a1-b002-060304d9dab7,"228 Lincoln Pl, New York, NY 11217
"
"Pace University
",New York,3,http://jobview.monster.com/Media-Sales-Associate-Job-New-York-NY-US-169162886.aspx,"4069 Dodgewood Rd, New York, NY 10471
"
"Baruch College
",New York,6,http://jobview.monster.com/Field-Marketing-Customer-Account-Representative-Full-Time-Paid-Training-Job-Lyndhurst-NJ-US-169095103.aspx,"153 Underhill Ave, New York, NY 11238
"
"Fordham University
",New York,1,http://jobview.monster.com/Advertising-Sales-Operations-Analyst-Job-New-York-NY-US-167341011.aspx,"31-23 80th St, New York, NY 11370
"
"Manhattan College
",New York,0,http://jobview.monster.com/Sales-Rep-Outside-Sales-Territory-Sales-Job-Springfield-NJ-US-169355974.aspx,"31-23 80th St, New York, NY 11370
"
"Fordham University
",New York,7,http://jobview.monster.com/Business-Development-Manager-Job-New-York-City-NY-US-168860760.aspx,"32-43 83rd St, New York, NY 11370
"
"Manhattan College
",New York,6,http://jobview.monster.com/Advertising-Firm-Has-Entry-Level-Sales-Marketing-Positions-Job-Ridgefield-Park-NJ-US-168714440.aspx,"32-54 80th St, New York, NY 11370
"
"Pace University
",New York,3,http://jobview.monster.com/Healthcare-Staffing-Account-Manager-Job-New-York-City-NY-US-169246379.aspx,"4069 Dodgewood Rd, New York, NY 10471
"
"Fordham University
",New York,1,http://jobview.monster.com/Business-Development-Director-Job-Manhattan-NY-US-169748343.aspx,"681 Bergen St, New York, NY 11238
"
"Pepperdine University
",Los Angeles,1,http://jobview.monster.com/Inside-Sales-Rep-Job-Santa-Ana-CA-US-169651806.aspx,"1325 Arizona Ave, Los Angeles, CA 90404
"
"California State University, Northridge
",Los Angeles,7,http://jobview.monster.com/Account-Executive-Sales-Marketing-Job-Anaheim-CA-US-161983047.aspx,"1321 Euclid St, Los Angeles, CA 90404
"
"California State University, Northridge
",Los Angeles,7,http://jobview.monster.com/Account-Executive-Sales-Marketing-Job-Anaheim-CA-US-161983047.aspx,"7553 Trask Ave, Los Angeles, CA 90293
"
"Pepperdine University
",Los Angeles,4,http://jobview.monster.com/Pro-Bono-Account-Directors-Needed-%E2%80%93-Salesforce-Implementations-Job-Los-Angeles-CA-US-167225586.aspx,"1321 Euclid St, Los Angeles, CA 90404
"
"California State University, Northridge
",Los Angeles,0,http://jobview.monster.com/Sales-Outside-Sales-Salary-Bonus-Comm-Car-Medical-June-8-Hilton-LAX-Job-Los-Angeles-CA-US-168146421.aspx,"8136 Zitola Terrace, Los Angeles, CA 90293
"
"Pepperdine University
",Los Angeles,5,http://jobview.monster.com/Regional-Director-Higher-Ed-Sales-West-Region-Job-Los-Angeles-CA-US-169749515.aspx,"433 Sunridge St, Los Angeles, CA 90293
"
"Pepperdine University
",Los Angeles,6,http://jobview.monster.com/bilingual-preferred-indirect-sales-executive-cricket-wireless-northridge-ca-area-job-woodland-hills-ca-us-169466482.aspx,"8136 Zitola Terrace, Los Angeles, CA 90293
"
"Loyola Marymount University
",Los Angeles,2,http://jobview.monster.com/financial-advisor-financial-sales-representative-full-time-sales-we-train-no-experience-needed-job-woodland-hills-ca-us-169263335.aspx,"7200 Rindge Ave, Los Angeles, CA 90293
"
"California State University, Long Beach
",Los Angeles,2,http://jobview.monster.com/Specialty-Sales-Representative-Renal-Los-Angeles-North-CA-7103-Job-Los-Angeles-CA-US-169435252.aspx,"7200 Rindge Ave, Los Angeles, CA 90293
"
"Loyola Marymount University
",Los Angeles,1,http://job-openings.monster.com/monster/eb23b447-82a3-4585-9e5c-af55f89e124d,"5236 Park Ave, Los Angeles, CA 92845
"
"California State University, Northridge
",Los Angeles,1,http://jobview.monster.com/SALES-MANAGER-TORRANCE-Job-Torrance-CA-US-169394060.aspx,"13929 Cardillo Dr, Los Angeles, CA 92683
"
"California State University, Long Beach
",Los Angeles,5,http://jobview.monster.com/Sales-Representative-Job-Brea-CA-US-167503366.aspx,"8136 Zitola Terrace, Los Angeles, CA 90293
"
"Pepperdine University
",Los Angeles,7,http://jobview.monster.com/Jewelry-Sales-Professional-Job-Glendale-CA-US-169691040.aspx,"7553 Trask Ave, Los Angeles, CA 90293
"
"California State University, Long Beach
",Los Angeles,7,http://jobview.monster.com/Aflac-Bilingual-Spanish-Sales-Representative-%E2%80%93-Agent-Entry-Level-Training-Provided-Job-Fullerton-CA-US-168647809.aspx,"6414 Roble Ave, Los Angeles, CA 90042
"
"California State University, Long Beach
",Los Angeles,6,http://jobview.monster.com/Bilingual-Inside-Sales-English-Korean-Spanish-Japanese-Chinese-Job-Los-Angeles-CA-US-153403042.aspx,"1308 9th St, Los Angeles, CA 90401
"
"Loyola Marymount University
",Los Angeles,4,http://jobview.monster.com/Representative-II-Technical-Apps-Sales-Microbiology-Job-Los-Angeles-CA-US-169633787.aspx,"421 Lewis St, Los Angeles, CA 90042
"
"Loyola Marymount University
",Los Angeles,0,http://jobview.monster.com/Business-Development-Associate-Job-Los-Angeles-CA-US-169441292.aspx,"1325 Arizona Ave, Los Angeles, CA 90404
"
"Loyola Marymount University
",Los Angeles,5,http://jobview.monster.com/Entry-Level-Sales-Sales-Management-Job-Bellflower-CA-US-165164909.aspx,"421 Lewis St, Los Angeles, CA 90042
"
"Pepperdine University
",Los Angeles,2,http://jobview.monster.com/VP-Digital-Sales-Account-Executive-Brand-Strategist-adverti-Job-Los-Angeles-CA-US-169244249.aspx,"1325 Arizona Ave, Los Angeles, CA 90404
"
"Loyola Marymount University
",Los Angeles,5,http://jobview.monster.com/Entry-level-Sales-Administrative-Assistant-Job-Glendale-CA-US-168675778.aspx,"421 Lewis St, Los Angeles, CA 90042
"
"California State University, Northridge
",Los Angeles,6,http://jobview.monster.com/Business-Development-Manager-Accounts-Manager-Job-Los-Angeles-CA-US-169472879.aspx,"1308 9th St, Los Angeles, CA 90401
"
"Loyola Marymount University
",Los Angeles,0,http://jobview.monster.com/Inside-Sales-Professional-B2B-Account-Executive-to-Manage-National-Equipment-Leasing-Accounts-Job-El-Segundo-CA-US-169440148.aspx,"13929 Cardillo Dr, Los Angeles, CA 92683
"
"Pepperdine University
",Los Angeles,0,http://jobview.monster.com/Senior-Account-Executive-Job-Torrance-CA-US-165420294.aspx,"433 Sunridge St, Los Angeles, CA 90293
"
"California State University, Northridge
",Los Angeles,2,http://job-openings.monster.com/monster/c2e3eaaf-737c-4de1-ada7-4372ce73aeb7,"15415 Dogwood St, Los Angeles, CA 92683
"
"Pepperdine University
",Los Angeles,5,http://jobview.monster.com/sales-entry-level-sales-training-provided-job-north-ridge-ca-us-162895808.aspx,"8210 Delgany Ave, Los Angeles, CA 90293
"
"California State University, Long Beach
",Los Angeles,5,http://jobview.monster.com/Business-Development-Executive-Healthcare-Accounts-AUS-Job-Sylmar-CA-US-168914464.aspx,"1218 12th St, Los Angeles, CA 90401
"
"Loyola Marymount University
",Los Angeles,0,http://jobview.monster.com/VP-Business-Development-Group-Retirement-Plans-Job-Los-Angeles-CA-US-169171467.aspx,"13929 Cardillo Dr, Los Angeles, CA 92683
"
"Pepperdine University
",Los Angeles,7,http://jobview.monster.com/Account-Manager-Contract-Manufacturing-Job-Santa-Fe-Springs-CA-US-169473667.aspx,"421 Lewis St, Los Angeles, CA 90042
"
"California State University, Long Beach
",Los Angeles,5,http://job-openings.monster.com/monster/4d24d43f-876f-4762-abbd-0f5c3a478738,"8210 Delgany Ave, Los Angeles, CA 90293
"
"Loyola Marymount University
",Los Angeles,4,http://jobview.monster.com/Entry-Level-%E2%80%93-Sales-Management-Trainee-Job-Pasadena-CA-US-162897503.aspx,"395 W Terrace Ln, Los Angeles, CA 90042
"
"California State University, Northridge
",Los Angeles,2,http://jobview.monster.com/Account-Manager-Job-Torrance-CA-US-168766551.aspx,"1308 9th St, Los Angeles, CA 90401
"
"California State University, Northridge
",Los Angeles,1,http://jobview.monster.com/Business-Development-Liaison-Job-Los-Angeles-CA-US-169750994.aspx,"421 Lewis St, Los Angeles, CA 90042
"
"California State University, Long Beach
",Los Angeles,2,http://jobview.monster.com/Sales-Management-Trainee-Job-Los-Angeles-CA-US-162897887.aspx,"1308 9th St, Los Angeles, CA 90401
"
"Loyola Marymount University
",Los Angeles,7,http://jobview.monster.com/Entry-Level-%E2%80%93-Sales-Management-Trainee-Job-Burbank-CA-US-162897515.aspx,"1308 9th St, Los Angeles, CA 90401
"
"California State University, Northridge
",Los Angeles,6,http://jobview.monster.com/Customer-Service-Inside-Sales-Support-Paying-Up-to-52-000K-Job-Pico-Rivera-CA-US-169573406.aspx,"1325 Arizona Ave, Los Angeles, CA 90404
"
"Pepperdine University
",Los Angeles,7,http://jobview.monster.com/store-manager-assistant-manager-sales-associates-job-canyon-country-ca-us-169217604.aspx,"421 Lewis St, Los Angeles, CA 90042
"
"Pepperdine University
",Los Angeles,3,http://jobview.monster.com/Full-Time-Customer-Service-Sales-Support-Job-Anaheim-CA-US-168835207.aspx,"7553 Trask Ave, Los Angeles, CA 90293
"
"Loyola Marymount University
",Los Angeles,7,http://jobview.monster.com/Senior-Sales-Representative-Job-Garden-Grove-CA-US-168710330.aspx,"395 W Terrace Ln, Los Angeles, CA 90042
"
"California State University, Long Beach
",Los Angeles,5,http://jobview.monster.com/Sales-Director-Job-Long-Beach-CA-US-165211751.aspx,"1049 Larker Ave, Los Angeles, CA 90042
"
"California State University, Northridge
",Los Angeles,3,http://jobview.monster.com/Aflac-Insurance-Sales-Agent-Job-Garden-Grove-CA-US-169374323.aspx,"1308 9th St, Los Angeles, CA 90401
"
"Pepperdine University
",Los Angeles,2,http://jobview.monster.com/Sales-Representative-Healthcare-Services-Job-Paramount-CA-US-168749223.aspx,"433 Sunridge St, Los Angeles, CA 90293
"
"California State University, Long Beach
",Los Angeles,4,http://jobview.monster.com/International-Sales-Executive-APAC-Remote-Job-Los-Angeles-County-CA-US-169499431.aspx,"5236 Park Ave, Los Angeles, CA 92845
"
"Loyola Marymount University
",Los Angeles,6,http://jobview.monster.com/Inside-Sales-Job-San-Fernando-CA-US-169744761.aspx,"8210 Delgany Ave, Los Angeles, CA 90293
"
"Loyola Marymount University
",Los Angeles,0,http://jobview.monster.com/Small-Business-Account-Executive-Los-Angeles-CA-Job-Los-Angeles-CA-US-169097313.aspx,"433 Sunridge St, Los Angeles, CA 90293
"
"Pepperdine University
",Los Angeles,1,http://jobview.monster.com/Sales-Associate-Job-Westminster-CA-US-169012745.aspx,"1321 Euclid St, Los Angeles, CA 90404
"
"California State University, Long Beach
",Los Angeles,4,http://jobview.monster.com/National-VP-of-Business-Development-West-Territory-Job-Los-Angeles-CA-US-169219096.aspx,"5236 Park Ave, Los Angeles, CA 92845
"
"California State University, Long Beach
",Los Angeles,6,http://jobview.monster.com/Account-Manager-Job-Los-Angeles-CA-US-168676492.aspx,"7200 Rindge Ave, Los Angeles, CA 90293
"
"California State University, Long Beach
",Los Angeles,0,http://jobview.monster.com/Customer-Development-Specialist-Outside-Sales-Job-Los-Angeles-CA-US-169269404.aspx,"1325 Arizona Ave, Los Angeles, CA 90404
"
"California State University, Northridge
",Los Angeles,0,http://jobview.monster.com/Customer-Service-CAREER-CHANGE-%E2%80%93-Become-an-Independent-AVON-Sales-Representative-%E2%80%93-Entry-Level-Job-Los-Angeles-CA-US-169632656.aspx,"395 W Terrace Ln, Los Angeles, CA 90042
"
"California State University, Long Beach
",Los Angeles,1,http://jobview.local-jobs.monster.com/SALES-REP-Job-Los-Angeles-CA-US-168783211.aspx,"1122 10th St, Los Angeles, CA 90403
"
"Loyola Marymount University
",Los Angeles,2,http://jobview.monster.com/General-Manager-Sales-Manager-Sales-Owner-Operator-Job-Anaheim-CA-US-151134766.aspx,"14335 Cedarwood Ave, Los Angeles, CA 92683
"
"Loyola Marymount University
",Los Angeles,2,http://jobview.monster.com/Customer-Service-Sales-Representatives-Job-Burbank-CA-US-169019747.aspx,"1325 Arizona Ave, Los Angeles, CA 90404
"
"Loyola Marymount University
",Los Angeles,3,http://jobview.monster.com/Tax-Relief-Sales-Job-Encino-CA-US-168175890.aspx,"6414 Roble Ave, Los Angeles, CA 90042
"
"Loyola Marymount University
",Los Angeles,0,http://jobview.monster.com/Sales-Manager-Buy-Luxury-Cars-Part-Time-Make-Up-to-3K-Per-Deal-Job-Los-Angeles-CA-US-168071017.aspx,"1325 Arizona Ave, Los Angeles, CA 90404
"
"Pepperdine University
",Los Angeles,4,http://jobview.monster.com/Branch-Sales-Manager-Job-Paramount-CA-US-164693793.aspx,"14335 Cedarwood Ave, Los Angeles, CA 92683
"
"Loyola Marymount University
",Los Angeles,2,http://jobview.monster.com/Event-Specialist-Part-Time-Sales-ACO-Job-Torrance-CA-US-168801365.aspx,"1325 Arizona Ave, Los Angeles, CA 90404
"
"California State University, Northridge
",Los Angeles,3,http://jobview.monster.com/Event-Specialist-Part-Time-Sales-ACO-Job-Pasadena-CA-US-169303496.aspx,"1321 Euclid St, Los Angeles, CA 90404
"
"California State University, Northridge
",Los Angeles,2,http://jobview.monster.com/Bilingual-English-Japanese-Technical-Sales-Job-El-Segundo-CA-US-169660167.aspx,"5236 Park Ave, Los Angeles, CA 92845
"
"California State University, Long Beach
",Los Angeles,1,http://jobview.monster.com/Sales-Representative-S-Base-Pay-Comm-Job-Anaheim-CA-US-168918801.aspx,"7553 Trask Ave, Los Angeles, CA 90293
"
"California State University, Long Beach
",Los Angeles,6,http://jobview.monster.com/enrollment-coordinator-int-bilingual-job-woodland-hills-ca-us-169717117.aspx,"1321 Euclid St, Los Angeles, CA 90404
"
"Pepperdine University
",Los Angeles,3,http://jobview.monster.com/Business-Development-Manager-Entertainment-Media-Southern-California-or-New-York-Job-Los-Angeles-CA-US-169063609.aspx,"1308 9th St, Los Angeles, CA 90401
"
"California State University, Long Beach
",Los Angeles,1,http://jobview.monster.com/Outside-Sales-Representative-Job-Cypress-CA-US-169656517.aspx,"7200 Rindge Ave, Los Angeles, CA 90293
"
"Pepperdine University
",Los Angeles,2,http://jobview.monster.com/Health-Insurance-Enroller-Agent-Presenter-English-or-Spanish-Job-Los-Angeles-CA-US-169482546.aspx,"1122 10th St, Los Angeles, CA 90403
"
"California State University, Northridge
",Los Angeles,3,http://jobview.monster.com/Hollywood-B2B-Sales-Opportunity-Job-Los-Angeles-CA-US-169426984.aspx,"1325 Arizona Ave, Los Angeles, CA 90404
"
"California State University, Northridge
",Los Angeles,5,http://job-openings.monster.com/monster/dc21d39b-81ae-470b-83f6-9290d736a4e5,"5236 Park Ave, Los Angeles, CA 92845
"
"Loyola Marymount University
",Los Angeles,6,http://job-openings.monster.com/monster/2bd8d504-0cf6-4b7b-b977-b8a4676e2f51,"1325 Arizona Ave, Los Angeles, CA 90404
"
"California State University, Northridge
",Los Angeles,4,http://jobview.monster.com/account-executive-job-woodland-hills-ca-us-169174347.aspx,"1308 9th St, Los Angeles, CA 90401
"
"Pepperdine University
",Los Angeles,4,http://job-openings.monster.com/monster/fb7284ca-643c-4297-b1fe-1967064be76b,"8210 Delgany Ave, Los Angeles, CA 90293
"
"Loyola Marymount University
",Los Angeles,2,http://job-openings.monster.com/monster/88b3aff9-cf18-4dd7-a052-79d41742148b,"13929 Cardillo Dr, Los Angeles, CA 92683
"
"California State University, Northridge
",Los Angeles,5,http://jobview.monster.com/Marketing-Career-Change-%E2%80%93-Become-an-Independent-AVON-Sales-Representative-%E2%80%93-Entry-Level-Job-Garden-Grove-CA-US-169464322.aspx,"6414 Roble Ave, Los Angeles, CA 90042
"
"Pepperdine University
",Los Angeles,5,http://job-openings.monster.com/monster/4e976dc0-0c17-41ef-aad2-484c71fd177a,"421 Lewis St, Los Angeles, CA 90042
"
"California State University, Long Beach
",Los Angeles,6,http://job-openings.monster.com/monster/4c51785b-0095-4979-8dc8-a47850da42c8,"1321 Euclid St, Los Angeles, CA 90404
"
"California State University, Northridge
",Los Angeles,1,http://jobview.monster.com/director-of-customer-service-job-chatsworth-ca-us-167476447.aspx,"15415 Dogwood St, Los Angeles, CA 92683
"
"California State University, Northridge
",Los Angeles,4,http://job-openings.monster.com/monster/a649370a-923d-4ded-af15-b614e5c258d4,"1321 Euclid St, Los Angeles, CA 90404
"
"California State University, Long Beach
",Los Angeles,6,http://job-openings.monster.com/monster/10727ede-b42e-4c94-8edd-95a45e538f9f,"13929 Cardillo Dr, Los Angeles, CA 92683
"
"California State University, Northridge
",Los Angeles,1,http://job-openings.monster.com/monster/294df9cc-9837-4e18-96b4-17525807eca0,"421 Lewis St, Los Angeles, CA 90042
"
"Pepperdine University
",Los Angeles,4,http://job-openings.monster.com/monster/32a88a33-72eb-4c97-9ef9-115decea493b,"13929 Cardillo Dr, Los Angeles, CA 92683
"
"Pepperdine University
",Los Angeles,6,http://jobview.monster.com/Inside-Sales-Electrical-Distributor-Job-Van-Nuys-CA-US-169222266.aspx,"15415 Dogwood St, Los Angeles, CA 92683
"
"Loyola Marymount University
",Los Angeles,5,http://job-openings.monster.com/monster/c80fe357-4639-45bb-9373-24ddaca92bf2,"7200 Rindge Ave, Los Angeles, CA 90293
"
"Pepperdine University
",Los Angeles,5,http://job-openings.monster.com/monster/4e1d843e-f4f5-49d8-9c94-48b1c291061e,"1325 Arizona Ave, Los Angeles, CA 90404
"
"Loyola Marymount University
",Los Angeles,3,http://jobview.monster.com/International-Sales-Assistant-Export-Coordinator-Job-Torrance-CA-US-168675683.aspx,"1049 Larker Ave, Los Angeles, CA 90042
"
"California State University, Northridge
",Los Angeles,5,http://job-openings.monster.com/monster/fcf4aa9f-be72-4c52-bfcd-f1e30efcf536,"395 W Terrace Ln, Los Angeles, CA 90042
"
"California State University, Northridge
",Los Angeles,3,http://job-openings.monster.com/monster/70c13fd1-ba1f-4e61-af53-18d1e4834074,"5236 Park Ave, Los Angeles, CA 92845
"
"California State University, Long Beach
",Los Angeles,7,http://job-openings.monster.com/monster/2c073c9f-e4b8-441b-9e1f-b81d003dce68,"1049 Larker Ave, Los Angeles, CA 90042
"
"Loyola Marymount University
",Los Angeles,1,http://jobview.monster.com/Business-Development-Associate-527-Job-El-Monte-CA-US-169296427.aspx,"433 Sunridge St, Los Angeles, CA 90293
"
"California State University, Long Beach
",Los Angeles,4,http://jobview.monster.com/store-team-leaders-job-nuiqsut-ak-us-168921920.aspx,"6414 Roble Ave, Los Angeles, CA 90042
"
"Pepperdine University
",Los Angeles,7,http://job-openings.monster.com/monster/d732f9f3-acb1-4072-ae50-1e80e6010cdb,"1321 Euclid St, Los Angeles, CA 90404
"
