college,link,address
"Fordham University
",http://jobview.monster.com/Accounts-Payable-Clerk-Job-Jersey-City-NJ-US-169215329.aspx,"45-44 42nd St, New York, NY 11104
"
"Pace University
",http://jobview.monster.com/Stockroom-Clerk-Job-Rockleigh-NJ-US-169717667.aspx,"41-46 50th St, New York, NY 11377
"
"Pace University
",http://jobview.monster.com/human-resources-administrative-assistant-job-us-167798850.aspx,"288 Prospect Pl, New York, NY 11238
"
"Baruch College
",http://jobview.monster.com/Teller-Cashier-Clerk-Brooklyn-NY-Job-New-York-NY-US-169709925.aspx,"681 Bergen St, New York, NY 11238
"
"Baruch College
",http://jobview.monster.com/Automotive-Parts-Counter-Clerk-Job-New-Hyde-Park-NY-US-168323614.aspx,"4600 Palisade Ave, New York, NY 10471
"
"Baruch College
",http://job-openings.monster.com/monster/92f2d06a-04a9-4706-8d39-83b33510bb98,"153 Underhill Ave, New York, NY 11238
"
"Pace University
",http://job-openings.monster.com/monster/847dda1f-76a8-4fc3-b185-208bc2e9ed5e,"47-11 45th St, New York, NY 11377
"
"Fordham University
",http://jobview.monster.com/Accounts-Receivable-Clerk-Job-Hackensack-NJ-US-114075217.aspx,"41-22 42nd St, New York, NY 11104
"
"Pace University
",http://jobview.monster.com/Accounts-Payable-Clerk-Job-Edison-NJ-US-148116282.aspx,"4650 Hadley Ave, New York, NY 10471
"
"Pace University
",http://job-openings.monster.com/monster/fac71a0c-2aa3-4bc4-97d9-6a1e742a6505,"32-19 76th St, New York, NY 11370
"
"Baruch College
",http://job-openings.monster.com/monster/814b5b22-c7f9-4bf3-8e02-ab4cf4fbbbb5,"41-15 50th St, New York, NY 11377
"
"Manhattan College
",http://job-openings.monster.com/monster/db7cfb64-b843-4391-8de7-35c8e3502fa0,"47-11 45th St, New York, NY 11377
"
"Manhattan College
",http://job-openings.monster.com/monster/f90b114b-28c1-4261-bb7b-0b1c1a1e5148,"41-46 50th St, New York, NY 11377
"
"Pace University
",http://job-openings.monster.com/monster/06b5e30d-bf21-476b-804e-136dbcccd8f6,"9 Ploughmans Bush, New York, NY 10471
"
"Fordham University
",http://job-openings.monster.com/monster/2833f517-860d-412e-bf51-157af7bb34f4,"4069 Dodgewood Rd, New York, NY 10471
"
"Baruch College
",http://job-openings.monster.com/monster/de4ac6ba-176d-40bc-a582-a458cec32c5a,"228 Lincoln Pl, New York, NY 11217
"
"Manhattan College
",http://job-openings.monster.com/monster/e89ce296-33ab-4d2c-9c9d-62870a98d063,"4069 Dodgewood Rd, New York, NY 10471
"
"Fordham University
",http://job-openings.monster.com/monster/bc0f2a56-0b17-45a1-919e-09ca53abeb80,"153 Underhill Ave, New York, NY 11238
"
"Pace University
",http://job-openings.monster.com/monster/8e08d7ae-c3bc-43e4-bd0e-2932f14391a8,"31-23 80th St, New York, NY 11370
"
"Fordham University
",http://job-openings.monster.com/monster/8ba33b7c-e204-482d-8bd6-816d6d68b6b1,"47-11 45th St, New York, NY 11377
"
"Manhattan College
",http://job-openings.monster.com/monster/dca481fc-4789-4fa3-bcb1-01e2c5059474,"9 Ploughmans Bush, New York, NY 10471
"
"Fordham University
",http://job-openings.monster.com/monster/43092bce-0065-4395-ae02-e237bf3f72a4,"45-44 42nd St, New York, NY 11104
"
"Baruch College
",http://job-openings.monster.com/monster/0c0bf6e9-162a-4515-9d01-6e2f852e6ff9,"41-22 42nd St, New York, NY 11104
"
"Manhattan College
",http://job-openings.monster.com/monster/e5c243fd-7356-45bf-b1ad-efa13bfb21fd,"4069 Dodgewood Rd, New York, NY 10471
"
"Fordham University
",http://job-openings.monster.com/monster/c9035992-286f-4ef9-83fb-c6763a60ea40,"41-15 50th St, New York, NY 11377
"
"Pace University
",http://job-openings.monster.com/monster/e5741c93-072c-41b3-8d19-b2ce47f8ab45,"4069 Dodgewood Rd, New York, NY 10471
"
"Baruch College
",http://job-openings.monster.com/monster/ef7e3321-e1d7-4fb5-b5f4-4744d6834bed,"32-54 80th St, New York, NY 11370
"
"Manhattan College
",http://job-openings.monster.com/monster/d0f0ad3a-e2c0-4419-8c3f-99468bb471ee,"47-11 45th St, New York, NY 11377
"
"Fordham University
",http://job-openings.monster.com/monster/11879501-ef2c-4606-9fd4-29a30d3c83e0,"32-54 80th St, New York, NY 11370
"
"Baruch College
",http://job-openings.monster.com/monster/208689ff-c4f2-4b66-9c01-4a75c3772b20,"45-44 42nd St, New York, NY 11104
"
"Manhattan College
",http://job-openings.monster.com/monster/d397df9e-980e-41d1-bcd5-2c5e173dbe2c,"4645 Independence Ave, New York, NY 10471
"
"Pace University
",http://job-openings.monster.com/monster/b7a9afd4-87e6-4fbe-bdfc-811ed99db1ee,"32-43 83rd St, New York, NY 11370
"
"Pace University
",http://job-openings.monster.com/monster/7a041b73-be97-4779-873d-bb866ef3ab79,"9 Ploughmans Bush, New York, NY 10471
"
"Fordham University
",http://job-openings.monster.com/monster/85fb50c0-22cb-4b22-853a-19b84dc122b5,"288 Prospect Pl, New York, NY 11238
"
"Baruch College
",http://job-openings.monster.com/monster/5427327f-ff80-46b6-97c1-cda05456604b,"288 Prospect Pl, New York, NY 11238
"
"Baruch College
",http://job-openings.monster.com/monster/597ed8e8-bad0-4e66-8d1c-28e5711f4b2b,"32-54 82nd St, New York, NY 11370
"
"Manhattan College
",http://job-openings.monster.com/monster/ca591ee0-35bb-4dfa-b82f-99c1e6a748ea,"45-44 42nd St, New York, NY 11104
"
"Manhattan College
",http://job-openings.monster.com/monster/b316441b-57e9-4290-b113-ea452e7079c3,"4645 Independence Ave, New York, NY 10471
"
"Fordham University
",http://job-openings.monster.com/monster/e1a17598-a43b-43c2-b941-f521030ddf9a,"32-43 83rd St, New York, NY 11370
"
"Pace University
",http://job-openings.monster.com/monster/eb03741a-8323-4d4e-aa85-ee1e9a3b30c4,"45-44 42nd St, New York, NY 11104
"
"Pace University
",http://job-openings.monster.com/monster/dd465c11-205d-4bbe-9e9e-970e990d44f7,"47-11 45th St, New York, NY 11377
"
"Pace University
",http://job-openings.monster.com/monster/99416d5f-ed00-49d4-b08f-1791485c409c,"32-19 76th St, New York, NY 11370
"
"Manhattan College
",http://job-openings.monster.com/monster/7f706770-eaf9-4b4e-a0e5-9f63382b3689,"41-46 50th St, New York, NY 11377
"
"Fordham University
",http://job-openings.monster.com/monster/6757cc85-5c4e-43a7-bf3b-ae48ff8ee52e,"47-11 45th St, New York, NY 11377
"
"Manhattan College
",http://job-openings.monster.com/monster/d26c7160-a007-4d44-8027-819d14954776,"32-19 76th St, New York, NY 11370
"
"Baruch College
",http://job-openings.monster.com/monster/97d2ee28-dad1-4c18-860f-fcf6b70849ff,"32-43 83rd St, New York, NY 11370
"
"Manhattan College
",http://job-openings.monster.com/monster/cb08eef1-7e2b-43e5-8729-989f997d3159,"31-23 80th St, New York, NY 11370
"
"Pace University
",http://job-openings.monster.com/monster/95b76c4b-677e-4850-8cf6-83e944288b64,"4069 Dodgewood Rd, New York, NY 10471
"
"Pace University
",http://job-openings.monster.com/monster/9e8c90a6-7f52-47c8-bc61-eead5e7379de,"32-54 80th St, New York, NY 11370
"
"Baruch College
",http://job-openings.monster.com/monster/9837b523-d486-4922-94e2-64cb54a613ad,"681 Bergen St, New York, NY 11238
"
"Pace University
",http://job-openings.monster.com/monster/8939224c-b48c-45f0-a6ae-51e8a92a9e8b,"228 Lincoln Pl, New York, NY 11217
"
"Fordham University
",http://job-openings.monster.com/monster/e7f71508-02c0-40a0-bdbc-ec8be135cbb5,"228 Lincoln Pl, New York, NY 11217
"
"Pace University
",http://job-openings.monster.com/monster/c1dbbafa-eefe-4a88-9a1a-aa8300051423,"288 Prospect Pl, New York, NY 11238
"
"Manhattan College
",http://job-openings.monster.com/monster/d3d78474-bb91-4740-83ba-e1e19b49cde4,"31-23 80th St, New York, NY 11370
"
"Fordham University
",http://job-openings.monster.com/monster/f4c48699-8dfc-4bff-a470-9ed05ee2fd47,"288 Prospect Pl, New York, NY 11238
"
"Baruch College
",http://job-openings.monster.com/monster/a89e2269-86c7-4415-9f0c-005bb20ec5f2,"4600 Palisade Ave, New York, NY 10471
"
"Pace University
",http://job-openings.monster.com/monster/827c6e85-65b5-4b94-a45f-2ec827ee534d,"4650 Hadley Ave, New York, NY 10471
"
"Manhattan College
",http://job-openings.monster.com/monster/7f19cc83-e221-490d-ad40-43ab62832fe6,"31-23 80th St, New York, NY 11370
"
"Manhattan College
",http://job-openings.monster.com/monster/e2c11935-a55d-479e-ace3-578b842c3ec3,"41-22 42nd St, New York, NY 11104
"
"Baruch College
",http://job-openings.monster.com/monster/09fcb28e-7b68-4df8-bcdc-14d0c66d0b7e,"32-54 80th St, New York, NY 11370
"
"Manhattan College
",http://job-openings.monster.com/monster/b30c2a3f-fb00-4d1c-a8b3-71dfaf9d9df2,"681 Bergen St, New York, NY 11238
"
"Pace University
",http://job-openings.monster.com/monster/f5eb0151-09d4-4cd6-87ef-72a7beb39455,"32-19 76th St, New York, NY 11370
"
"Manhattan College
",http://job-openings.monster.com/monster/e3b4012d-d678-4b83-a5bd-48570cfa271a,"32-54 82nd St, New York, NY 11370
"
"Pace University
",http://job-openings.monster.com/monster/8cc20dc5-7df1-4e4c-b116-6cc88499063a,"31-23 80th St, New York, NY 11370
"
"Pace University
",http://job-openings.monster.com/monster/1d02197e-ade2-4255-acc2-d20a956ce90e,"4645 Independence Ave, New York, NY 10471
"
"Baruch College
",http://job-openings.monster.com/monster/7b727ce1-2cea-49c9-92b3-64e11b2eda1c,"9 Ploughmans Bush, New York, NY 10471
"
"Baruch College
",http://job-openings.monster.com/monster/78e8c067-a0f9-47f9-9b8e-a2e4baff7f73,"681 Bergen St, New York, NY 11238
"
"Baruch College
",http://job-openings.monster.com/monster/b4a6053a-c4f2-426e-b1bb-03905f0335f8,"31-23 80th St, New York, NY 11370
"
"Pace University
",http://job-openings.monster.com/monster/480eae21-cb55-4c81-bcb2-43ea72a2a2e7,"228 Lincoln Pl, New York, NY 11217
"
"Manhattan College
",http://job-openings.monster.com/monster/7c296bde-96c7-40fb-9238-c24064a7ab42,"9 Ploughmans Bush, New York, NY 10471
"
"Fordham University
",http://job-openings.monster.com/monster/dd562beb-73f8-41de-8b35-25f3e6bde264,"32-54 80th St, New York, NY 11370
"
"Manhattan College
",http://job-openings.monster.com/monster/6d7aa346-18da-41f4-8ab4-d24faf46cfa2,"681 Bergen St, New York, NY 11238
"
"Fordham University
",http://job-openings.monster.com/monster/fab66b9e-8f33-48ca-bf30-7531a9d8f99b,"32-19 76th St, New York, NY 11370
"
"California State University, Long Beach
",http://jobview.monster.com/Clerical-Admin-Job-Los-Angeles-CA-US-169179245.aspx,"7200 Rindge Ave, Los Angeles, CA 90293
"
"California State University, Long Beach
",http://jobview.monster.com/Hollywood-Bowl-Food-Wine-Unit-Clerical-Job-Hollywood-CA-US-169012381.aspx,"1325 Arizona Ave, Los Angeles, CA 90404
"
"California State University, Long Beach
",http://jobview.monster.com/Office-Clerk-Entry-Writer-Job-Downey-CA-US-163187889.aspx,"1049 Larker Ave, Los Angeles, CA 90042
"
"California State University, Northridge
",http://jobview.monster.com/Intermediate-Typist-Clerk-Job-Los-Angeles-CA-US-169572999.aspx,"13929 Cardillo Dr, Los Angeles, CA 92683
"
"Loyola Marymount University
",http://jobview.monster.com/Gallery-Clerk-Job-Gardena-CA-US-168683632.aspx,"1321 Euclid St, Los Angeles, CA 90404
"
"Loyola Marymount University
",http://jobview.monster.com/Inventory-Clerk-ERP-Job-Torrance-CA-US-169269472.aspx,"433 Sunridge St, Los Angeles, CA 90293
"
"Pepperdine University
",http://jobview.monster.com/Entry-Level-Shipping-Receiving-Clerk-Job-Santa-Fe-Springs-CA-US-169546892.aspx,"1218 12th St, Los Angeles, CA 90401
"
"Pepperdine University
",http://jobview.monster.com/High-Value-Associate-Inventory-Clerk-in-Anaheim-CA-Job-Anaheim-CA-US-169396835.aspx,"7200 Rindge Ave, Los Angeles, CA 90293
"
"Loyola Marymount University
",http://jobview.monster.com/Order-Entry-Clerk-Entry-Level-Job-Long-Beach-CA-US-168647853.aspx,"433 Sunridge St, Los Angeles, CA 90293
"
"California State University, Northridge
",http://jobview.monster.com/Conflicts-Intake-Clerk-Job-Los-Angeles-CA-US-168974146.aspx,"7553 Trask Ave, Los Angeles, CA 90293
"
"California State University, Long Beach
",http://jobview.monster.com/accounting-clerk-job-in-woodland-hills-job-woodland-hills-ca-us-168928498.aspx,"421 Lewis St, Los Angeles, CA 90042
"
"California State University, Long Beach
",http://jobview.monster.com/Conflicts-Intake-Clerk-Job-Los-Angeles-CA-US-168974146.aspx,"6414 Roble Ave, Los Angeles, CA 90042
"
"California State University, Northridge
",http://jobview.monster.com/Customer-Service-Order-Entry-Clerk-Job-Duarte-CA-US-168626952.aspx,"421 Lewis St, Los Angeles, CA 90042
"
"Pepperdine University
",http://jobview.monster.com/Shipping-Receiving-Clerk-Job-Los-Angeles-CA-US-169213589.aspx,"5236 Park Ave, Los Angeles, CA 92845
"
"California State University, Long Beach
",http://jobview.monster.com/Clerk-Job-Chatsworth-CA-US-169210662.aspx,"395 W Terrace Ln, Los Angeles, CA 90042
"
"Loyola Marymount University
",http://jobview.monster.com/Inventory-Clerk-Job-Gardena-CA-US-169753007.aspx,"395 W Terrace Ln, Los Angeles, CA 90042
"
"Loyola Marymount University
",http://jobview.monster.com/Warehouse-Operations-Clerk-LAX-Area-Job-Los-Angeles-CA-US-168713400.aspx,"5236 Park Ave, Los Angeles, CA 92845
"
"Pepperdine University
",http://jobview.monster.com/Accounts-Receivable-Clerk-Job-City-of-Industry-CA-US-168455995.aspx,"433 Sunridge St, Los Angeles, CA 90293
"
"Loyola Marymount University
",http://job-openings.monster.com/monster/73f6d732-03a4-40da-ac33-ee43eefb229e,"7200 Rindge Ave, Los Angeles, CA 90293
"
"Pepperdine University
",http://jobview.monster.com/Production-Clerk-Job-Panorama-City-CA-US-154259609.aspx,"421 Lewis St, Los Angeles, CA 90042
"
"Pepperdine University
",http://job-openings.monster.com/monster/0f1fce59-862b-41b6-8a5a-e3b4e19dd00b,"1321 Euclid St, Los Angeles, CA 90404
"
"Pepperdine University
",http://jobview.monster.com/ACCOUNTING-CLERK-Job-Glendale-CA-US-169397495.aspx,"5236 Park Ave, Los Angeles, CA 92845
"
"Pepperdine University
",http://jobview.monster.com/Accounts-Payable-Clerk-Job-City-of-Industry-CA-US-169092262.aspx,"5236 Park Ave, Los Angeles, CA 92845
"
"Loyola Marymount University
",http://jobview.monster.com/Accounting-Clerk-Job-Los-Angeles-CA-US-169426954.aspx,"7553 Trask Ave, Los Angeles, CA 90293
"
"California State University, Northridge
",http://jobview.monster.com/Warehouse-Clerk-IMMEDIATE-START!!!-Job-Carson-CA-US-169739233.aspx,"1122 10th St, Los Angeles, CA 90403
"
"Pepperdine University
",http://job-openings.monster.com/monster/a35fabf4-6c4f-4c5d-afbe-82c33801436f,"1321 Euclid St, Los Angeles, CA 90404
"
"Pepperdine University
",http://job-openings.monster.com/monster/ec026f52-088a-4772-9125-c523b56ff56f,"1218 12th St, Los Angeles, CA 90401
"
"California State University, Long Beach
",http://job-openings.monster.com/monster/9c9a2323-2f01-4d8a-8aa4-f2774a9b94a2,"5236 Park Ave, Los Angeles, CA 92845
"
"California State University, Northridge
",http://job-openings.monster.com/monster/a8592885-16f8-48d4-816a-8324eec9ee67,"1321 Euclid St, Los Angeles, CA 90404
"
"California State University, Northridge
",http://job-openings.monster.com/monster/e1ddeca3-e03f-48c6-9cd6-fa8dfafc4eb8,"5236 Park Ave, Los Angeles, CA 92845
"
"California State University, Northridge
",http://job-openings.monster.com/monster/250c9c1a-a195-4309-a5f3-b0f9d773469a,"6414 Roble Ave, Los Angeles, CA 90042
"
"California State University, Long Beach
",http://job-openings.monster.com/monster/86b2614b-acf3-4b58-9e62-ac2f84f3ec89,"1079 S Arroyo Blvd, Los Angeles, CA 91105
"
"California State University, Northridge
",http://job-openings.monster.com/monster/73857ff6-001f-4929-80f2-8bcdb6f8561c,"1049 Larker Ave, Los Angeles, CA 90042
"
"California State University, Long Beach
",http://job-openings.monster.com/monster/afabf804-cfa9-487d-8855-d06b6cb9c544,"14335 Cedarwood Ave, Los Angeles, CA 92683
"
"California State University, Northridge
",http://job-openings.monster.com/monster/b8b8d30b-896f-4964-b26a-035d1d4d76e4,"14335 Cedarwood Ave, Los Angeles, CA 92683
"
"California State University, Northridge
",http://job-openings.monster.com/monster/07f1f467-ec52-4a81-b3c6-cdc93106b166,"7200 Rindge Ave, Los Angeles, CA 90293
"
"California State University, Long Beach
",http://job-openings.monster.com/monster/b8bc5aa6-c59d-4005-81e5-596cf2611b69,"8210 Delgany Ave, Los Angeles, CA 90293
"
"Loyola Marymount University
",http://job-openings.monster.com/monster/440656bd-41a2-45d7-8c9c-d06115aa3473,"1079 S Arroyo Blvd, Los Angeles, CA 91105
"
"Pepperdine University
",http://job-openings.monster.com/monster/44822eb8-e7da-4525-b172-0b1fe89de718,"1308 9th St, Los Angeles, CA 90401
"
"California State University, Long Beach
",http://job-openings.monster.com/monster/147794f0-04eb-4f69-992b-d77336fb2b71,"7553 Trask Ave, Los Angeles, CA 90293
"
"California State University, Long Beach
",http://job-openings.monster.com/monster/8669fb85-e995-4ef8-ab0b-b370dd6d7086,"1321 Euclid St, Los Angeles, CA 90404
"
"California State University, Northridge
",http://job-openings.monster.com/monster/d2334ff0-452a-45c0-b49c-c68ce2a1c1a2,"421 Lewis St, Los Angeles, CA 90042
"
"Pepperdine University
",http://job-openings.monster.com/monster/c793ee15-b99a-464b-8540-36abeb180cc5,"14335 Cedarwood Ave, Los Angeles, CA 92683
"
"Pepperdine University
",http://job-openings.monster.com/monster/8368310c-5899-4067-8be7-1f655cac4652,"8136 Zitola Terrace, Los Angeles, CA 90293
"
"California State University, Northridge
",http://job-openings.monster.com/monster/ff0554b8-4e50-4267-8437-a6010cdc2957,"1079 S Arroyo Blvd, Los Angeles, CA 91105
"
"California State University, Long Beach
",http://job-openings.monster.com/monster/f85c8d3e-7007-4b41-b140-747f43e688ea,"15415 Dogwood St, Los Angeles, CA 92683
"
"Pepperdine University
",http://job-openings.monster.com/monster/ac9088e4-4d5c-44d9-b47d-037a4943aaf5,"1049 Larker Ave, Los Angeles, CA 90042
"
"Pepperdine University
",http://job-openings.monster.com/monster/9219089d-dc65-46d2-ab9b-8744f4c22445,"1218 12th St, Los Angeles, CA 90401
"
"Loyola Marymount University
",http://job-openings.monster.com/monster/cd0f7ed8-4aa5-4976-ace3-7f3be2d3f621,"1218 12th St, Los Angeles, CA 90401
"
"Loyola Marymount University
",http://job-openings.monster.com/monster/64a5e599-2639-4c1a-b726-68835a84cb54,"395 W Terrace Ln, Los Angeles, CA 90042
"
"Loyola Marymount University
",http://job-openings.monster.com/monster/cc34ec71-4be7-49d5-958a-dd6e1fff5185,"433 Sunridge St, Los Angeles, CA 90293
"
"Pepperdine University
",http://job-openings.monster.com/monster/71b177ea-bb71-46fe-83ff-b341762c0ea4,"15415 Dogwood St, Los Angeles, CA 92683
"
"California State University, Northridge
",http://job-openings.monster.com/monster/325bb41e-c22c-427b-9b3d-45c07c244e08,"1049 Larker Ave, Los Angeles, CA 90042
"
"California State University, Northridge
",http://job-openings.monster.com/monster/a9312358-607f-4683-b62f-6108c9521d65,"14335 Cedarwood Ave, Los Angeles, CA 92683
"
"Pepperdine University
",http://job-openings.monster.com/monster/fc65d43b-1dd4-487a-85b9-6b8a34c07e34,"8136 Zitola Terrace, Los Angeles, CA 90293
"
"Pepperdine University
",http://job-openings.monster.com/monster/ff4b25f8-cbcf-42dc-98ec-743ecde5997b,"1079 S Arroyo Blvd, Los Angeles, CA 91105
"
"California State University, Northridge
",http://job-openings.monster.com/monster/265476df-494f-4439-8af5-f56fb7f672db,"13929 Cardillo Dr, Los Angeles, CA 92683
"
"Loyola Marymount University
",http://job-openings.monster.com/monster/9650ae52-844d-4e52-b99a-6a68e5be2c58,"1218 12th St, Los Angeles, CA 90401
"
"Pepperdine University
",http://job-openings.monster.com/monster/df9209a4-5182-405d-b1bf-8b279bd074ee,"1321 Euclid St, Los Angeles, CA 90404
"
"Loyola Marymount University
",http://job-openings.monster.com/monster/c767933c-96dd-42a9-9414-00fe154d2c3a,"13929 Cardillo Dr, Los Angeles, CA 92683
"
"Loyola Marymount University
",http://job-openings.monster.com/monster/03b5f63c-5c25-4fe1-8dba-0f4f0d848d17,"433 Sunridge St, Los Angeles, CA 90293
"
"Loyola Marymount University
",http://job-openings.monster.com/monster/9ad47f42-d6d4-4d28-bf1a-b603f4e2c46f,"1079 S Arroyo Blvd, Los Angeles, CA 91105
"
"California State University, Northridge
",http://job-openings.monster.com/monster/abe2621f-2913-4586-a80e-d4892762c64f,"7200 Rindge Ave, Los Angeles, CA 90293
"
"California State University, Long Beach
",http://job-openings.monster.com/monster/9a80fb50-fc33-4a4e-a9a4-cbe5a5436d57,"7553 Trask Ave, Los Angeles, CA 90293
"
"Pepperdine University
",http://job-openings.monster.com/monster/6dcd652e-7a08-4407-8091-556b20b1911b,"7553 Trask Ave, Los Angeles, CA 90293
"
"Pepperdine University
",http://job-openings.monster.com/monster/500ac7ab-b31a-416e-92c4-b3e99f364180,"1321 Euclid St, Los Angeles, CA 90404
"
"Loyola Marymount University
",http://job-openings.monster.com/monster/c2f861e9-8fa2-4787-83f0-b36e984da79a,"13929 Cardillo Dr, Los Angeles, CA 92683
"
"Pepperdine University
",http://job-openings.monster.com/monster/442ea3d9-cfb0-4ed6-8fc1-4c53e804992a,"1049 Larker Ave, Los Angeles, CA 90042
"
"California State University, Long Beach
",http://job-openings.monster.com/monster/e732b72d-e9b6-4c11-8f43-4e2025406f72,"1049 Larker Ave, Los Angeles, CA 90042
"
"California State University, Northridge
",http://job-openings.monster.com/monster/a4e629dd-c837-4328-84ae-0f54c16e7e2a,"1321 Euclid St, Los Angeles, CA 90404
"
"California State University, Long Beach
",http://job-openings.monster.com/monster/19c94b44-d8a3-462c-aedb-26d35fc84c7d,"6414 Roble Ave, Los Angeles, CA 90042
"
"California State University, Northridge
",http://job-openings.monster.com/monster/6b794d52-1e94-4d76-8956-16361c6abadf,"1321 Euclid St, Los Angeles, CA 90404
"
"California State University, Long Beach
",http://job-openings.monster.com/monster/f4ef2530-28cb-45fc-8db0-58b7cf2cbfb9,"8210 Delgany Ave, Los Angeles, CA 90293
"
"California State University, Northridge
",http://job-openings.monster.com/monster/f22c6088-0db0-437a-99f3-5afca2952ea6,"13929 Cardillo Dr, Los Angeles, CA 92683
"
"Pepperdine University
",http://job-openings.monster.com/monster/3376dc77-3e88-4b81-a589-637c90eece3f,"1325 Arizona Ave, Los Angeles, CA 90404
"
"Loyola Marymount University
",http://job-openings.monster.com/monster/773bc4fe-b408-4452-962c-15a6d2a47638,"1122 10th St, Los Angeles, CA 90403
"
"Loyola Marymount University
",http://job-openings.monster.com/monster/a2bd7287-3be6-4357-b471-33a508c4223b,"5236 Park Ave, Los Angeles, CA 92845
"
"California State University, Long Beach
",http://job-openings.monster.com/monster/4a104ab7-d081-4612-8d77-529f31b61a74,"6414 Roble Ave, Los Angeles, CA 90042
"
"California State University, Northridge
",http://job-openings.monster.com/monster/1ca8b6bd-19d0-4023-86db-a4bf6c990919,"6414 Roble Ave, Los Angeles, CA 90042
"
"California State University, Northridge
",http://job-openings.monster.com/monster/608d308e-8823-4219-b259-b2e5d1451776,"8210 Delgany Ave, Los Angeles, CA 90293
"
"Loyola Marymount University
",http://job-openings.monster.com/monster/6e756ab0-08b2-483d-afce-aa901a31f386,"1122 10th St, Los Angeles, CA 90403
"
"California State University, Northridge
",http://job-openings.monster.com/monster/f29d51db-2885-4106-91d2-81a72fce0832,"433 Sunridge St, Los Angeles, CA 90293
"
"Loyola Marymount University
",http://job-openings.monster.com/monster/9e3187f8-0a6a-4591-a1e5-e57e574cd132,"7200 Rindge Ave, Los Angeles, CA 90293
"
"California State University, Long Beach
",http://job-openings.monster.com/monster/83470abf-8e54-4c61-8bfb-2ca1cbe3bdee,"8136 Zitola Terrace, Los Angeles, CA 90293
"
"California State University, Long Beach
",http://job-openings.monster.com/monster/dc8bf450-6f27-4ecc-834c-90df76d1f52b,"14335 Cedarwood Ave, Los Angeles, CA 92683
"
"California State University, Northridge
",http://job-openings.monster.com/monster/c8ee395f-b466-4cf5-ab6f-c0e7ace73e16,"7553 Trask Ave, Los Angeles, CA 90293
"
"California State University, Northridge
",http://job-openings.monster.com/monster/20530856-77ed-43cf-ae97-6b0272cc1f89,"8210 Delgany Ave, Los Angeles, CA 90293
"
"California State University, Long Beach
",http://job-openings.monster.com/monster/7b89ed9a-f30d-4f75-87b0-74d5fd1af62d,"421 Lewis St, Los Angeles, CA 90042
"
"University of Illinois at Chicago
",http://jobview.monster.com/Assistant-Branch-Manager-Outside-Sales-Manager-Trainee-Job-Chicago-IL-US-168870610.aspx,"1660 W Schreiber Ave, Chicago, IL 60626
"
"Wheaton College
",http://jobview.monster.com/account-manager-sales-representative-job-saint-louis-mo-us-169737679.aspx,"6407 N Newgard Ave, Chicago, IL 60626
"
"University of Illinois at Chicago
",http://jobview.monster.com/Sales-Coordinator-20160130-Job-Romeoville-IL-US-169645907.aspx,"1348 W Washburne Ave, Chicago, IL 60608
"
"Wheaton College
",http://jobview.monster.com/PROMOTIONAL-SALES-SPECIALIST-PART-TIME-Job-Rolling-Meadows-IL-US-169056933.aspx,"4230 N Whipple St, Chicago, IL 60618
"
Valparaiso University,http://jobview.monster.com/REGIONAL-SALES-150K-Plus-CT-Job-Chicago-IL-US-169464187.aspx,"6407 N Newgard Ave, Chicago, IL 60626
"
"DePaul University
",http://jobview.monster.com/Pharmaceutical-Hospital-Sales-Representative-Job-Chicago-IL-US-169161211.aspx,"1331 W Lunt Ave, Chicago, IL 60626
"
"Wheaton College
",http://jobview.monster.com/territory-sales-manager-job-us-169688819.aspx,"4649 W Schubert Ave, Chicago, IL 60639
"
"University of Illinois at Chicago
",http://jobview.monster.com/Business-Development-Consultant-Various-Locations-Job-Chicago-IL-US-169384119.aspx,"1660 W Schreiber Ave, Chicago, IL 60626
"
"Wheaton College
",http://jobview.monster.com/Territory-Account-Rep-IV-Job-Bolingbrook-IL-US-168696310.aspx,"1454 S Emerald Ave, Chicago, IL 60607
"
"DePaul University
",http://jobview.monster.com/Account-Manager-Inside-Sales-Technology-Job-Downers-Grove-IL-US-168185653.aspx,"1454 S Emerald Ave, Chicago, IL 60607
"
Valparaiso University,http://jobview.monster.com/Carrier-Sales-Representative-Account-Manager-Job-Chicago-IL-US-168961600.aspx,"848 S Carpenter St, Chicago, IL 60607
"
"University of Illinois at Chicago
",http://jobview.monster.com/Sales-Executive-Job-Elk-Grove-Village-IL-US-168608279.aspx,"1943 W Belle Plaine Ave, Chicago, IL 60613
"
"DePaul University
",http://jobview.monster.com/Sales-Marketing-Consultant-Retail-Consumer-Division-Job-downers-grove-IL-US-169112781.aspx,"848 S Carpenter St, Chicago, IL 60607
"
"Wheaton College
",http://jobview.monster.com/Sales-Assistant-Korean-English-Bilingual-Job-Mount-Prospect-IL-US-168762074.aspx,"4230 N Whipple St, Chicago, IL 60618
"
Valparaiso University,http://jobview.monster.com/Sales-Account-Manager-Job-Chicago-IL-US-169372217.aspx,"6332 S Lamon Ave, Chicago, IL 60638
"
Valparaiso University,http://jobview.monster.com/Sales-Estimator-Job-Skokie-IL-US-168861923.aspx,"1660 W Schreiber Ave, Chicago, IL 60626
"
"Wheaton College
",http://jobview.monster.com/Outside-Sales-Representative-Luna-Job-Chicago-IL-US-169087345.aspx,"1051 W Maxwell St, Chicago, IL 60608
"
"DePaul University
",http://jobview.monster.com/Commission-Sales-Lead-Trainee-BRIDGEVIEW-IL-Full-Time-Job-BRIDGEVIEW-IL-US-169509606.aspx,"1660 W Schreiber Ave, Chicago, IL 60626
"
"Wheaton College
",http://jobview.monster.com/IL-UO-15256-Packaging-Sales-Specialist-Job-Elk-Grove-Village-IL-US-169266608.aspx,"1612 W Estes Ave, Chicago, IL 60626
"
"University of Illinois at Chicago
",http://jobview.monster.com/Sr-Sales-Coordinator-Job-Lombard-IL-US-168694838.aspx,"4842 S Lavergne Ave, Chicago, IL 60638
"
"Wheaton College
",http://jobview.monster.com/Route-Sales-Manager-Distributor-Full-Training-Job-Downers-Grove-IL-US-169116567.aspx,"6407 N Newgard Ave, Chicago, IL 60626
"
Valparaiso University,http://jobview.monster.com/Sales-Account-Management-Retail-Job-Chicago-IL-US-165381273.aspx,"1331 W Lunt Ave, Chicago, IL 60626
"
"DePaul University
",http://jobview.monster.com/Outside-Sales-Representative-%E2%80%93-2-4-Preset-Appointments-Daily-Merchant-Services-B2B-Job-Chicago-IL-US-165706412.aspx,"1348 W Washburne Ave, Chicago, IL 60608
"
"DePaul University
",http://jobview.monster.com/UPS-UPS-Freight-Sales-Account-Executive-Job-Chicago-IL-US-169218455.aspx,"1331 W Lunt Ave, Chicago, IL 60626
"
"DePaul University
",http://jobview.monster.com/Recruiter-Staffing-Coordinator-Staffing-Sales-Rep-Great-Potential-Job-Oak-Brook-IL-US-169041620.aspx,"1051 W Maxwell St, Chicago, IL 60608
"
Valparaiso University,http://jobview.monster.com/Sales-Assistant-Immediate-Start-Job-Chicago-IL-US-169173656.aspx,"1348 W Washburne Ave, Chicago, IL 60608
"
"DePaul University
",http://jobview.monster.com/General-Manager-Sales-Manager-Sales-Owner-Operator-Job-Des-Plaines-IL-US-151134623.aspx,"952 W Vernon Park Pl, Chicago, IL 60607
"
Valparaiso University,http://jobview.monster.com/Outside-Sales-Representative-Job-Downers-Grove-IL-US-169631585.aspx,"1660 W Schreiber Ave, Chicago, IL 60626
"
Valparaiso University,http://jobview.monster.com/insurance-commercial-underwriter-st-louis-area-job-saint-louis-mo-us-168810783.aspx,"1348 W Washburne Ave, Chicago, IL 60608
"
Valparaiso University,http://jobview.monster.com/Sales-Manager-in-Chicago-Illinois-Job-Chicago-IL-US-158145366.aspx,"4807 S Kilpatrick Ave, Chicago, IL 60632
"
"DePaul University
",http://jobview.monster.com/Strategic-Partner-Manager-Job-Chicago-IL-US-169179423.aspx,"1348 W Washburne Ave, Chicago, IL 60608
"
"DePaul University
",http://jobview.monster.com/Personal-Training-Sales-Director-Personal-Trainer-Job-Chicago-IL-US-168535397.aspx,"1515 W Farwell Ave, Chicago, IL 60626
"
"DePaul University
",http://jobview.monster.com/Retail-Sales-Retail-Marketing-Customer-Service-Entry-Level-Representatives-Job-hammond-IN-US-169582871.aspx,"1515 W Farwell Ave, Chicago, IL 60626
"
"University of Illinois at Chicago
",http://jobview.monster.com/Lead-Sales-Engineer-Job-Chicago-IL-US-169376037.aspx,"1943 W Belle Plaine Ave, Chicago, IL 60613
"
"Wheaton College
",http://jobview.monster.com/Regional-Business-Development-Executive-Job-Itasca-IL-US-169709403.aspx,"1515 W Farwell Ave, Chicago, IL 60626
"
"Wheaton College
",http://jobview.monster.com/Sales-Representative-%E2%80%93-Inside-Sales-EES-Job-Mt-Prospect-IL-US-169186318.aspx,"1454 S Emerald Ave, Chicago, IL 60607
"
"University of Illinois at Chicago
",http://jobview.monster.com/Entry-Level-Territory-Sales-Rep-Job-Chicago-IL-US-169438286.aspx,"4842 S Lavergne Ave, Chicago, IL 60638
"
"DePaul University
",http://jobview.monster.com/Part-time-Sales-Service-Associate-Archer-Heights-Job-Chicago-IL-US-169115264.aspx,"1515 W Farwell Ave, Chicago, IL 60626
"
"Wheaton College
",http://job-openings.monster.com/monster/250fe083-b2d8-4f6a-85ed-1b2da28ffab0,"1454 S Emerald Ave, Chicago, IL 60607
"
Valparaiso University,http://jobview.monster.com/Outside-Sales-Switchgear-Lighting-Wire-Cable-Job-Mt-Prospect-IL-US-169186315.aspx,"2428 N Kilpatrick Ave, Chicago, IL 60639
"
"DePaul University
",http://job-openings.monster.com/monster/8e292ab8-6f37-4a16-bede-29b36219ad8d,"1612 W Estes Ave, Chicago, IL 60626
"
"University of Illinois at Chicago
",http://jobview.monster.com/Customer-Outreach-Inside-Sales-Representative-Job-Addison-IL-US-165987994.aspx,"4649 W Schubert Ave, Chicago, IL 60639
"
"University of Illinois at Chicago
",http://job-openings.monster.com/monster/b1b32c1a-3b3f-4fe2-8341-95aad4a6342f,"4230 N Whipple St, Chicago, IL 60618
"
Valparaiso University,http://jobview.monster.com/Junior-Account-Executive-Entry-Level-Management-Job-Glen-Ellyn-IL-US-168660619.aspx,"4511 S Karlov Ave, Chicago, IL 60632
"
"Wheaton College
",http://job-openings.monster.com/monster/1b47215c-d3b9-4fba-bb8f-9890dc8a3b8f,"1515 W Farwell Ave, Chicago, IL 60626
"
"University of Illinois at Chicago
",http://job-openings.monster.com/monster/9722cee7-56fb-4837-8e43-44b8ec17204a,"4230 N Whipple St, Chicago, IL 60618
"
"Wheaton College
",http://jobview.monster.com/Sr-Account-Executive-Top-10-National-Cisco-VARs-Job-Chicago-IL-US-169626182.aspx,"848 S Carpenter St, Chicago, IL 60607
"
"Wheaton College
",http://jobview.monster.com/Named-Account-Executive-Job-Rolling-Meadows-IL-US-169507459.aspx,"4728 N Hamlin Ave, Chicago, IL 60625
"
"Wheaton College
",http://jobview.monster.com/Business-Development-Manager-Job-Chicago-IL-US-163751947.aspx,"4842 S Lavergne Ave, Chicago, IL 60638
"
Valparaiso University,http://jobview.monster.com/Luxury-Retail-Sales-Associate-Job-Chicago-IL-US-169436120.aspx,"6332 S Lamon Ave, Chicago, IL 60638
"
Valparaiso University,http://jobview.monster.com/International-Import-Export-Agent-Job-Lombard-IL-US-169738519.aspx,"6332 S Lamon Ave, Chicago, IL 60638
"
"DePaul University
",http://jobview.monster.com/Inside-Outside-Sales-Rep-H-Base-Pay-Com-Job-Park-Ridge-IL-US-168919957.aspx,"6332 S Lamon Ave, Chicago, IL 60638
"
"University of Illinois at Chicago
",http://jobview.monster.com/Retail-Sales-Associate-Job-Chicago-IL-US-169730723.aspx,"4649 W Schubert Ave, Chicago, IL 60639
"
"University of Illinois at Chicago
",http://jobview.monster.com/Newborn-Photographer-Sales-Representative-Part-Time-Chicago-IL-Job-Chicago-IL-US-169540491.aspx,"848 S Carpenter St, Chicago, IL 60607
"
"Wheaton College
",http://jobview.monster.com/Outside-Sales-Representative-%E2%80%93-2-4-Preset-Appointments-Daily-Merchant-Services-B2B-Job-Chicago-IL-US-152771171.aspx,"1454 S Emerald Ave, Chicago, IL 60607
"
"Wheaton College
",http://job-openings.monster.com/monster/493c8428-16e7-414c-b366-da9a3c3acbd1,"4649 W Schubert Ave, Chicago, IL 60639
"
"University of Illinois at Chicago
",http://jobview.monster.com/Sales-Associate-Job-EVERGREEN-PARK-IL-US-168925494.aspx,"6332 S Lamon Ave, Chicago, IL 60638
"
"DePaul University
",http://job-openings.monster.com/monster/c6eae95d-ac93-4824-a671-58e1c07533a6,"1515 W Farwell Ave, Chicago, IL 60626
"
"University of Illinois at Chicago
",http://job-openings.monster.com/monster/a61ef4d9-2734-418e-9bbd-d0f1967c5af4,"4842 S Lavergne Ave, Chicago, IL 60638
"
"DePaul University
",http://job-openings.monster.com/monster/7bbdbc69-3618-45c3-9d97-3c4a5f9e1fd7,"1612 W Estes Ave, Chicago, IL 60626
"
"University of Illinois at Chicago
",http://job-openings.monster.com/monster/7c35ff5b-3e69-4cd6-a055-19d188716fe9,"6332 S Lamon Ave, Chicago, IL 60638
"
Valparaiso University,http://job-openings.monster.com/monster/965ba623-a460-4ecc-8d33-d56288554cd2,"1660 W Schreiber Ave, Chicago, IL 60626
"
"DePaul University
",http://job-openings.monster.com/monster/c2349efc-1f47-4c3e-9d10-4b3d19f7f392,"1660 W Schreiber Ave, Chicago, IL 60626
"
"DePaul University
",http://job-openings.monster.com/monster/a7b481a0-99bf-4843-a759-7197241c428d,"4511 S Karlov Ave, Chicago, IL 60632
"
"University of Illinois at Chicago
",http://job-openings.monster.com/monster/e488704d-2baa-4aa1-bf04-025d3cb860f1,"1660 W Schreiber Ave, Chicago, IL 60626
"
"Wheaton College
",http://job-openings.monster.com/monster/50bb4951-50c2-4529-9a7c-2d6850449e62,"848 S Carpenter St, Chicago, IL 60607
"
"University of Illinois at Chicago
",http://job-openings.monster.com/monster/39d57492-34ee-4000-93f8-780d2473efb3,"1331 W Lunt Ave, Chicago, IL 60626
"
"DePaul University
",http://job-openings.monster.com/monster/b8d6b9ad-8bb6-47bb-93fd-38ef85da9ed7,"4807 S Kilpatrick Ave, Chicago, IL 60632
"
"DePaul University
",http://job-openings.monster.com/monster/0f5812ce-39d9-4934-816d-addde0e0f016,"1331 W Lunt Ave, Chicago, IL 60626
"
"University of Illinois at Chicago
",http://job-openings.monster.com/monster/02ea86af-c03e-4607-a78b-f6db107d44d1,"1348 W Washburne Ave, Chicago, IL 60608
"
"Wheaton College
",http://job-openings.monster.com/monster/c65a1be3-237f-4a75-96a8-a76156f3b622,"4511 S Karlov Ave, Chicago, IL 60632
"
"Wheaton College
",http://job-openings.monster.com/monster/27bd8018-f9af-479c-9b95-0020bcc11ebe,"848 S Carpenter St, Chicago, IL 60607
"
"DePaul University
",http://job-openings.monster.com/monster/9861c971-eb21-4dee-8b6a-60ca406bde99,"6332 S Lamon Ave, Chicago, IL 60638
"
"University of Illinois at Chicago
",http://job-openings.monster.com/monster/f3eac9e1-6d15-4f8d-a7b3-aa5c32657e11,"1331 W Lunt Ave, Chicago, IL 60626
"
Valparaiso University,http://job-openings.monster.com/monster/dd73fe47-a3b8-4c66-8a18-da83d6f0d6a2,"1331 W Lunt Ave, Chicago, IL 60626
"
"University of Illinois at Chicago
",http://job-openings.monster.com/monster/ae2ec1b6-2722-462f-ae27-63611736e771,"4230 N Whipple St, Chicago, IL 60618
"
"Wheaton College
",http://job-openings.monster.com/monster/6cfd2579-f0c7-4861-b030-904ca685c0b0,"1454 S Emerald Ave, Chicago, IL 60607
"
Valparaiso University,http://job-openings.monster.com/monster/fd98c3bb-3344-49cc-afbc-cf308f992a8b,"4842 S Lavergne Ave, Chicago, IL 60638
"
"University of Illinois at Chicago
",http://job-openings.monster.com/monster/dd03f4a0-395a-4fd8-985e-a305fc6d4538,"2428 N Kilpatrick Ave, Chicago, IL 60639
"
"University of Illinois at Chicago
",http://job-openings.monster.com/monster/6fb2e81c-1c64-49f4-914e-349bc1cb92b9,"4728 N Hamlin Ave, Chicago, IL 60625
"
"University of Illinois at Chicago
",http://job-openings.monster.com/monster/45b2d005-ef6a-4d9c-8907-52919dbf3bd2,"848 S Carpenter St, Chicago, IL 60607
"
"University of Illinois at Chicago
",http://job-openings.monster.com/monster/a9b6236c-313c-4d1c-8420-2cdbd7a40621,"1348 W Washburne Ave, Chicago, IL 60608
"
Valparaiso University,http://job-openings.monster.com/monster/cd57cb57-7522-4324-ad74-ca42b5a57b4e,"1612 W Estes Ave, Chicago, IL 60626
"
"Wheaton College
",http://job-openings.monster.com/monster/fe7fbee0-adfe-463c-bb1b-ff9214412450,"6332 S Lamon Ave, Chicago, IL 60638
"
Valparaiso University,http://job-openings.monster.com/monster/5c2c74fb-d610-4ec6-b63e-c987e9911944,"1348 W Washburne Ave, Chicago, IL 60608
"
"Wheaton College
",http://job-openings.monster.com/monster/5c2c74fb-d610-4ec6-b63e-c987e9911944,"1515 W Farwell Ave, Chicago, IL 60626
"
"Wheaton College
",http://job-openings.monster.com/monster/5b0c2efd-04cf-4a73-8795-0f081f5fd6b7,"4728 N Hamlin Ave, Chicago, IL 60625
"
Valparaiso University,http://job-openings.monster.com/monster/b037d25a-8a23-45a6-b21d-ec6c8688e9c1,"4728 N Hamlin Ave, Chicago, IL 60625
"
"University of Illinois at Chicago
",http://jobview.monster.com/Inventory-Clerk-11-75-hour-Job-Schiller-Park-IL-US-167811675.aspx,"848 S Carpenter St, Chicago, IL 60607
"
Valparaiso University,http://jobview.monster.com/Shipping-Receiving-Clerk-Job-Wood-Dale-IL-US-169479563.aspx,"4511 S Karlov Ave, Chicago, IL 60632
"
"University of Illinois at Chicago
",http://jobview.monster.com/UPS-Union-Clerk-Part-Time-UPS-Freight-Job-Franklin-Park-IL-US-169749382.aspx,"1515 W Farwell Ave, Chicago, IL 60626
"
"DePaul University
",http://job-openings.monster.com/monster/0f433bcc-60d5-4cf6-be22-703227604e4c,"4807 S Kilpatrick Ave, Chicago, IL 60632
"
"DePaul University
",http://job-openings.monster.com/monster/29ef0385-262e-4d58-9e1b-2af054fed7c8,"1660 W Schreiber Ave, Chicago, IL 60626
"
"Wheaton College
",http://job-openings.monster.com/monster/e9e10550-f78c-457c-9d2c-d84b6631dd6e,"848 S Carpenter St, Chicago, IL 60607
"
"University of Illinois at Chicago
",http://job-openings.monster.com/monster/ca125541-1df4-4d48-a6c4-98eebd075113,"4842 S Lavergne Ave, Chicago, IL 60638
"
"University of Illinois at Chicago
",http://job-openings.monster.com/monster/1a3aec08-0e94-479d-b012-e8f808f2a33e,"1454 S Emerald Ave, Chicago, IL 60607
"
"DePaul University
",http://job-openings.monster.com/monster/709113d3-e5d4-489f-b18a-bd956413e003,"1515 W Farwell Ave, Chicago, IL 60626
"
"University of Illinois at Chicago
",http://job-openings.monster.com/monster/205f65b1-b3d7-4800-9309-b9b6fca51953,"1051 W Maxwell St, Chicago, IL 60608
"
Valparaiso University,http://job-openings.monster.com/monster/b06109cb-7563-471f-b338-d842e67c8c34,"4649 W Schubert Ave, Chicago, IL 60639
"
"Wheaton College
",http://job-openings.monster.com/monster/4372f714-d8b7-40e1-a4af-eaed57897148,"4842 S Lavergne Ave, Chicago, IL 60638
"
Valparaiso University,http://job-openings.monster.com/monster/d8b47864-c020-4628-930d-c56385f61fa2,"4230 N Whipple St, Chicago, IL 60618
"
"Wheaton College
",http://job-openings.monster.com/monster/f5452d70-ed2e-45e8-bfd9-20ac3aa67bcf,"6332 S Lamon Ave, Chicago, IL 60638
"
"University of Illinois at Chicago
",http://job-openings.monster.com/monster/c5613eb5-db91-4fa7-be7a-23743dffc23c,"952 W Vernon Park Pl, Chicago, IL 60607
"
"University of Illinois at Chicago
",http://job-openings.monster.com/monster/c1c08073-2f6b-4202-a503-ed4cb6f6fdbc,"2428 N Kilpatrick Ave, Chicago, IL 60639
"
"DePaul University
",http://job-openings.monster.com/monster/0e90c3cc-7dff-4c9f-85c4-79497a4e8fbd,"6332 S Lamon Ave, Chicago, IL 60638
"
"University of Illinois at Chicago
",http://job-openings.monster.com/monster/4e7d4ae0-f7b1-40e8-9b6b-ae3070850377,"848 S Carpenter St, Chicago, IL 60607
"
"DePaul University
",http://job-openings.monster.com/monster/4085ddff-4b84-4dbf-ae7c-a00d7a76d7f7,"4511 S Karlov Ave, Chicago, IL 60632
"
Valparaiso University,http://job-openings.monster.com/monster/d9f26077-3759-46f1-b11b-4e490b6e7ac9,"4728 N Hamlin Ave, Chicago, IL 60625
"
Valparaiso University,http://job-openings.monster.com/monster/020edb73-319c-427a-8b03-0cbed3ad608e,"4728 N Hamlin Ave, Chicago, IL 60625
"
Valparaiso University,http://job-openings.monster.com/monster/74bc793a-6c42-4b07-aa87-22a6ea57b35b,"4728 N Hamlin Ave, Chicago, IL 60625
"
"DePaul University
",http://job-openings.monster.com/monster/0c8bf0bc-a183-4d2f-85e7-968864f3bf3e,"6332 S Lamon Ave, Chicago, IL 60638
"
Valparaiso University,http://job-openings.monster.com/monster/609c473d-fe16-4bbe-8b54-7e52ff4b61d5,"1515 W Farwell Ave, Chicago, IL 60626
"
Valparaiso University,http://job-openings.monster.com/monster/1cb36cfa-cb83-49bb-8b4f-137f95a82300,"1331 W Lunt Ave, Chicago, IL 60626
"
Valparaiso University,http://job-openings.monster.com/monster/2f93bd92-d578-49b1-b2ad-cf0155a55b1c,"4511 S Karlov Ave, Chicago, IL 60632
"
"University of Illinois at Chicago
",http://job-openings.monster.com/monster/580ae1ca-6169-4fed-802d-d938a5a412d7,"6407 N Newgard Ave, Chicago, IL 60626
"
"Wheaton College
",http://job-openings.monster.com/monster/d350b029-ed76-4950-bd46-64b20dd5255c,"1348 W Washburne Ave, Chicago, IL 60608
"
"University of Illinois at Chicago
",http://job-openings.monster.com/monster/4e0f09dd-0546-4c1f-bec4-ee7d45915243,"4728 N Hamlin Ave, Chicago, IL 60625
"
"DePaul University
",http://job-openings.monster.com/monster/b1d2c237-6112-4644-8410-a184db22ce23,"4728 N Hamlin Ave, Chicago, IL 60625
"
"DePaul University
",http://job-openings.monster.com/monster/99da8b55-fcba-4510-a0d2-7fd596534910,"1454 S Emerald Ave, Chicago, IL 60607
"
Valparaiso University,http://job-openings.monster.com/monster/c80ef289-20e8-4f86-bdbe-713da473179d,"1943 W Belle Plaine Ave, Chicago, IL 60613
"
Valparaiso University,http://job-openings.monster.com/monster/455f5882-ae15-46cb-a56f-f28cfe35681a,"4511 S Karlov Ave, Chicago, IL 60632
"
"DePaul University
",http://job-openings.monster.com/monster/ceca4800-e1f7-4d1b-8f59-a02f031fcef2,"1051 W Maxwell St, Chicago, IL 60608
"
"DePaul University
",http://job-openings.monster.com/monster/cd06d22d-290a-4cab-b885-2bccdc7e8e7a,"2428 N Kilpatrick Ave, Chicago, IL 60639
"
"Wheaton College
",http://job-openings.monster.com/monster/24a8fa72-3c0f-4987-b62f-5ce5fa0fa8d4,"4230 N Whipple St, Chicago, IL 60618
"
"DePaul University
",http://job-openings.monster.com/monster/7c79cd7e-ff42-4736-bbf9-e30f6a2f3897,"4649 W Schubert Ave, Chicago, IL 60639
"
"DePaul University
",http://job-openings.monster.com/monster/db953d2b-bae8-40c7-8e46-a01b5d732b8f,"4728 N Hamlin Ave, Chicago, IL 60625
"
Valparaiso University,http://job-openings.monster.com/monster/e69c1a8f-26c0-480d-8b39-bac032e7573e,"1660 W Schreiber Ave, Chicago, IL 60626
"
"University of Illinois at Chicago
",http://job-openings.monster.com/monster/5c329a4f-7a3d-40ca-95ed-5197a793dc11,"1515 W Farwell Ave, Chicago, IL 60626
"
"Wheaton College
",http://job-openings.monster.com/monster/70ebb4af-39dd-439b-b97e-0c4292e1907d,"4728 N Hamlin Ave, Chicago, IL 60625
"
"Wheaton College
",http://job-openings.monster.com/monster/5064b332-7ad4-4425-8a18-ba955348f37a,"6332 S Lamon Ave, Chicago, IL 60638
"
"University of Illinois at Chicago
",http://job-openings.monster.com/monster/da945872-07b0-402d-a902-4368a354ba65,"6332 S Lamon Ave, Chicago, IL 60638
"
"Wheaton College
",http://job-openings.monster.com/monster/92044d19-f253-4832-ba48-be0f59c8d899,"4807 S Kilpatrick Ave, Chicago, IL 60632
"
"University of Illinois at Chicago
",http://job-openings.monster.com/monster/7068bc9e-5786-45a6-b011-b39029553c85,"4842 S Lavergne Ave, Chicago, IL 60638
"
"DePaul University
",http://job-openings.monster.com/monster/c4e6d91f-04ed-44ef-bb6d-2558c8c13829,"4230 N Whipple St, Chicago, IL 60618
"
"Wheaton College
",http://job-openings.monster.com/monster/82f6769c-02dc-4c75-89f6-cf67894aca7f,"1454 S Emerald Ave, Chicago, IL 60607
"
"Wheaton College
",http://job-openings.monster.com/monster/28532ea5-7383-4fca-8001-433cd8ab86ea,"4807 S Kilpatrick Ave, Chicago, IL 60632
"
"DePaul University
",http://job-openings.monster.com/monster/7396d398-0e09-4e90-a248-3de5711971af,"4728 N Hamlin Ave, Chicago, IL 60625
"
"DePaul University
",http://job-openings.monster.com/monster/cbb13c8e-c671-4420-a339-38935ad75efe,"4511 S Karlov Ave, Chicago, IL 60632
"
"Wheaton College
",http://job-openings.monster.com/monster/054d0ead-4372-4dcb-8c8f-e82f548ca0c2,"1660 W Schreiber Ave, Chicago, IL 60626
"
"DePaul University
",http://job-openings.monster.com/monster/6e5514d0-29c2-46bf-b365-9b55ccbbce22,"4807 S Kilpatrick Ave, Chicago, IL 60632
"
"Wheaton College
",http://job-openings.monster.com/monster/b8486208-2937-45f4-a917-afffe875f6e2,"1348 W Washburne Ave, Chicago, IL 60608
"
"DePaul University
",http://job-openings.monster.com/monster/1564a5e4-9d1a-4260-9eb8-0dbefe28d39d,"1051 W Maxwell St, Chicago, IL 60608
"
"Wheaton College
",http://job-openings.monster.com/monster/f257919d-f187-4c5a-9c3d-19f7c6c811ad,"1612 W Estes Ave, Chicago, IL 60626
"
Valparaiso University,http://job-openings.monster.com/monster/f023d1ba-7b34-467d-8b71-bbee21116c64,"1348 W Washburne Ave, Chicago, IL 60608
"
Valparaiso University,http://job-openings.monster.com/monster/b1fef4de-ff4b-45fe-a430-3d1bc7fc9432,"952 W Vernon Park Pl, Chicago, IL 60607
"
"Wheaton College
",http://job-openings.monster.com/monster/3d11bc5b-9923-4823-94df-a29d430d56a3,"952 W Vernon Park Pl, Chicago, IL 60607
"
"University of Illinois at Chicago
",http://job-openings.monster.com/monster/47e36324-3ae8-4327-adb0-c8d69d98844e,"1348 W Washburne Ave, Chicago, IL 60608
"
"Wheaton College
",http://job-openings.monster.com/monster/c70cc1df-0958-4d45-ae3c-78cfd6c11708,"1454 S Emerald Ave, Chicago, IL 60607
"
"DePaul University
",http://job-openings.monster.com/monster/8eeb3853-e6bf-43c2-804c-fbc13e33498c,"4511 S Karlov Ave, Chicago, IL 60632
"
Valparaiso University,http://job-openings.monster.com/monster/061de25c-17d4-4ae7-a7d4-48bf0e99646a,"1612 W Estes Ave, Chicago, IL 60626
"
"Wheaton College
",http://job-openings.monster.com/monster/77459592-ad67-4e61-abd6-3f12698a2edf,"848 S Carpenter St, Chicago, IL 60607
"
"University of Illinois at Chicago
",http://job-openings.monster.com/monster/c74f4eb6-6407-431f-8d15-0ec8af898597,"6332 S Lamon Ave, Chicago, IL 60638
"
"University of Illinois at Chicago
",http://job-openings.monster.com/monster/aa208cc2-c3d9-46c4-96ee-5625e207bba0,"1660 W Schreiber Ave, Chicago, IL 60626
"
"DePaul University
",http://job-openings.monster.com/monster/4cb1f3d0-0aab-4c2a-8d16-cbb49cf6238b,"4649 W Schubert Ave, Chicago, IL 60639
"
"DePaul University
",http://job-openings.monster.com/monster/b528411a-621e-4df0-ade9-abd700733072,"4728 N Hamlin Ave, Chicago, IL 60625
"
"University of Illinois at Chicago
",http://job-openings.monster.com/monster/3c7d691c-8bf4-4af3-89f1-8c59d0340398,"6332 S Lamon Ave, Chicago, IL 60638
"
"University of Illinois at Chicago
",http://job-openings.monster.com/monster/c790ba36-3f78-47e4-ae85-61fb9c0d5b6b,"1454 S Emerald Ave, Chicago, IL 60607
"
"DePaul University
",http://job-openings.monster.com/monster/de575797-0d9b-4022-a8ba-d006af3f50cc,"1943 W Belle Plaine Ave, Chicago, IL 60613
"
"University of Illinois at Chicago
",http://job-openings.monster.com/monster/db8ddf43-acc9-4e2c-a5cb-247e5d6bb7f9,"1331 W Lunt Ave, Chicago, IL 60626
"
"University of Illinois at Chicago
",http://job-openings.monster.com/monster/d3b511c9-52e7-4b71-badb-fb0a8e020740,"1515 W Farwell Ave, Chicago, IL 60626
"
"DePaul University
",http://job-openings.monster.com/monster/472ed52a-07d7-4ff5-b5a9-7c1a4a03f844,"1051 W Maxwell St, Chicago, IL 60608
"
"Wheaton College
",http://job-openings.monster.com/monster/68f95f72-5f06-4db8-9b23-3385ba1466d7,"4842 S Lavergne Ave, Chicago, IL 60638
"
Valparaiso University,http://job-openings.monster.com/monster/f0401e6c-811a-44c7-9066-622c3f8ec637,"6332 S Lamon Ave, Chicago, IL 60638
"
Valparaiso University,http://job-openings.monster.com/monster/2f8bb7f5-6e80-4ff7-a868-f6a71612c229,"952 W Vernon Park Pl, Chicago, IL 60607
"
Valparaiso University,http://job-openings.monster.com/monster/421bfcbf-5f13-4694-8902-9a8aed1b1edc,"952 W Vernon Park Pl, Chicago, IL 60607
"
"University of Illinois at Chicago
",http://job-openings.monster.com/monster/3b5197a4-60f7-4056-9bb0-1904c1a3c217,"4728 N Hamlin Ave, Chicago, IL 60625
"
"University of Illinois at Chicago
",http://job-openings.monster.com/monster/615d09cc-d94b-405c-b645-da9c401beec5,"1943 W Belle Plaine Ave, Chicago, IL 60613
"
Valparaiso University,http://job-openings.monster.com/monster/d2da8539-aeea-4f2f-ac95-86bdd1ecd5c0,"4649 W Schubert Ave, Chicago, IL 60639
"
"DePaul University
",http://job-openings.monster.com/monster/a0e7bb34-028a-43c4-9a4e-9a5350b9bb83,"1943 W Belle Plaine Ave, Chicago, IL 60613
"
"Fordham University
",http://jobview.monster.com/Retail-Cosmetics-Sales-IMPULSE-Beauty-Artist-Sales-Advisor-Part-Time-Edison-NJ-Macy's-Menl-Job-Menlo-Park-NJ-US-169651756.aspx,"153 Underhill Ave, New York, NY 11238
"
"Pace University
",http://jobview.monster.com/Full-Time-Sales-Marketing-Pro-Job-Montclair-NJ-US-168826369.aspx,"32-19 76th St, New York, NY 11370
"
"Manhattan College
",http://jobview.monster.com/Sales-Assistant-Customer-Service-Job-Glen-Head-NY-US-167596433.aspx,"228 Lincoln Pl, New York, NY 11217
"
"Pace University
",http://jobview.monster.com/Route-Sales-Manager-Distributor-Full-Training-Job-Flushing-NY-US-169124350.aspx,"4645 Independence Ave, New York, NY 10471
"
"Fordham University
",http://jobview.monster.com/GM-Sales-Director-Job-Long-Island-NY-US-168759490.aspx,"9 Ploughmans Bush, New York, NY 10471
"
"Manhattan College
",http://jobview.monster.com/Territory-Sales-Representative-Job-New-York-NY-US-168752154.aspx,"153 Underhill Ave, New York, NY 11238
"
"Manhattan College
",http://jobview.monster.com/Sales-Manager-OEM-Process-Equipment-Manufacturer-Job-East-Rutherford-NJ-US-167086695.aspx,"4645 Independence Ave, New York, NY 10471
"
"Manhattan College
",http://jobview.monster.com/senior-sales-business-development-associate-job-us-168126081.aspx,"228 Lincoln Pl, New York, NY 11217
"
"Fordham University
",http://jobview.monster.com/Sales-Associate-Job-Bronx-NY-US-169641886.aspx,"4645 Independence Ave, New York, NY 10471
"
"Fordham University
",http://jobview.monster.com/Field-Sales-Representative-Job-New-York-NY-US-169177522.aspx,"41-46 50th St, New York, NY 11377
"
"Manhattan College
",http://jobview.monster.com/Outside-Sales-Representative-Job-New-York-City-NY-US-166560516.aspx,"681 Bergen St, New York, NY 11238
"
"Pace University
",http://jobview.monster.com/Full-Time-Sales-Marketing-Pro-Job-Montclair-NJ-US-165379802.aspx,"153 Underhill Ave, New York, NY 11238
"
"Baruch College
",http://jobview.monster.com/Inside-Sales-Representative-Top-Global-Software-Company-Job-Brooklyn-NY-US-169677144.aspx,"681 Bergen St, New York, NY 11238
"
"Manhattan College
",http://jobview.monster.com/senior-account-manager-job-us-169466787.aspx,"41-46 50th St, New York, NY 11377
"
"Manhattan College
",http://jobview.monster.com/Account-Executive-Amazon-Restaurants-Launch-Team-Job-New-York-NY-US-169261426.aspx,"288 Prospect Pl, New York, NY 11238
"
"Pace University
",http://jobview.monster.com/field-marketing-manager-job-us-168924804.aspx,"228 Lincoln Pl, New York, NY 11217
"
"Pace University
",http://jobview.monster.com/Industrial-Sales-Representative-Entry-Level-Outside-Sales-Base-Salary-Extensive-Training-Job-Edison-NJ-US-168182425.aspx,"41-15 50th St, New York, NY 11377
"
"Baruch College
",http://jobview.monster.com/Sales-Representative-Job-Brooklyn-NY-US-167894098.aspx,"31-23 80th St, New York, NY 11370
"
"Fordham University
",http://jobview.monster.com/Inside-Sales-Specialist-Job-Clifton-NJ-US-168697436.aspx,"4650 Hadley Ave, New York, NY 10471
"
"Pace University
",http://jobview.monster.com/Territory-Sales-Manager-Job-Newark-NJ-US-163591528.aspx,"153 Underhill Ave, New York, NY 11238
"
"Pace University
",http://jobview.monster.com/Sales-Development-Representative-Job-New-York-NY-US-169630814.aspx,"4645 Independence Ave, New York, NY 10471
"
"Baruch College
",http://jobview.monster.com/Gemstone-Diamond-Sales-Job-New-York-City-NY-US-152797976.aspx,"41-22 42nd St, New York, NY 11104
"
"Manhattan College
",http://jobview.monster.com/Territory-Manager-Job-Bronx-NY-US-168954374.aspx,"41-22 42nd St, New York, NY 11104
"
"Fordham University
",http://job-openings.monster.com/monster/aae4099f-fa2c-4842-b67c-2f07abe56773,"4645 Independence Ave, New York, NY 10471
"
"Manhattan College
",http://job-openings.monster.com/monster/eed212c0-746e-4653-b36d-5832fadcb8c0,"681 Bergen St, New York, NY 11238
"
"Baruch College
",http://jobview.monster.com/Business-to-Business-Sales-Job-Brooklyn-NY-US-168712628.aspx,"32-43 83rd St, New York, NY 11370
"
"Manhattan College
",http://jobview.monster.com/Retail-Sales-Associate-Showroom-Sales-Design-Consultant-Job-Staten-Island-NY-US-168938266.aspx,"47-11 45th St, New York, NY 11377
"
"Pace University
",http://jobview.monster.com/Retail-Sales-Associate-Showroom-Sales-Design-Consultant-Job-Brooklyn-NY-US-169138650.aspx,"31-23 80th St, New York, NY 11370
"
"Fordham University
",http://jobview.monster.com/Territory-Sales-Manhattan-Job-Manhattan-NY-US-168811740.aspx,"32-19 76th St, New York, NY 11370
"
"Baruch College
",http://jobview.monster.com/Real-Estate-Sales-Associate-Sales-Representative-Job-Baldwin-NY-US-164140843.aspx,"4650 Hadley Ave, New York, NY 10471
"
"Fordham University
",http://jobview.monster.com/Enterprise-Managed-Print-Managed-Services-Technology-Sales-Job-New-York-City-NY-US-169727761.aspx,"32-54 82nd St, New York, NY 11370
"
"Fordham University
",http://jobview.monster.com/Senior-Administrative-Assistant-Sales-Northeast-Region-Telecommute-Job-Iselin-NJ-US-169493141.aspx,"228 Lincoln Pl, New York, NY 11217
"
"Pace University
",http://jobview.monster.com/Sales-Computer-Technology-Solutions-Job-Newark-NJ-US-163991489.aspx,"4069 Dodgewood Rd, New York, NY 10471
"
"Fordham University
",http://jobview.monster.com/Real-Estate-Director-Retail-See-Video-Job-New-York-City-NY-US-168964264.aspx,"228 Lincoln Pl, New York, NY 11217
"
"Manhattan College
",http://jobview.monster.com/Medical-Billing-Account-Representative-Job-Floral-Park-NY-US-169015118.aspx,"9 Ploughmans Bush, New York, NY 10471
"
"Baruch College
",http://job-openings.monster.com/monster/cda1bd49-449a-45ab-94b7-253869f704b3,"4645 Independence Ave, New York, NY 10471
"
"Baruch College
",http://jobview.monster.com/RVP-Sales-East-Job-New-York-City-NY-US-169432712.aspx,"4069 Dodgewood Rd, New York, NY 10471
"
"Manhattan College
",http://jobview.monster.com/Sales-Director-Agency-Job-New-York-NY-US-169430159.aspx,"41-15 50th St, New York, NY 11377
"
"Baruch College
",http://jobview.monster.com/Food-Sales-Representative-Merchandiser-Job-Sea-Cliff-NY-US-157657531.aspx,"45-44 42nd St, New York, NY 11104
"
"Baruch College
",http://job-openings.monster.com/monster/ae888d5b-2383-457b-858e-8812d6815d28,"9 Ploughmans Bush, New York, NY 10471
"
"Baruch College
",http://jobview.monster.com/Territory-Sales-Manager-Job-New-York-NY-US-168260127.aspx,"681 Bergen St, New York, NY 11238
"
"Fordham University
",http://jobview.monster.com/Head-of-Sales-N-America-Corporate-Events-Job-New-York-City-NY-US-169756078.aspx,"45-44 42nd St, New York, NY 11104
"
"Baruch College
",http://jobview.monster.com/Sales-Associate-Job-New-York-NY-US-169661598.aspx,"45-44 42nd St, New York, NY 11104
"
"Baruch College
",http://jobview.monster.com/Technical-Sales-Director-GM-for-Leading-LED-Manufacturer-General-Lighting-Job-New-York-City-NY-US-163990803.aspx,"47-11 45th St, New York, NY 11377
"
"Fordham University
",http://jobview.monster.com/GI-Clinical-Sales-Specialist-Job-Brooklyn-NY-US-169123376.aspx,"4069 Dodgewood Rd, New York, NY 10471
"
"Fordham University
",http://jobview.monster.com/Brand-Sales-Representative-Job-New-York-NY-US-169075950.aspx,"32-54 82nd St, New York, NY 11370
"
"Baruch College
",http://jobview.monster.com/NY-Sales-Manager-Northeast-Region-Job-Inwood-NY-US-168133654.aspx,"4069 Dodgewood Rd, New York, NY 10471
"
"Baruch College
",http://jobview.monster.com/Entry-Level-%E2%80%93-Sales-Management-Trainee-Job-Union-NJ-US-162897434.aspx,"228 Lincoln Pl, New York, NY 11217
"
"Manhattan College
",http://jobview.monster.com/Senior-Sales-Representative-Job-North-Bergen-NJ-US-169652743.aspx,"47-11 45th St, New York, NY 11377
"
"Pace University
",http://jobview.monster.com/Dynamic-Company-seeks-Sales-Analyst-strong-Excel-skills-required-Job-New-York-NY-US-168776147.aspx,"9 Ploughmans Bush, New York, NY 10471
"
"Baruch College
",http://jobview.monster.com/Sales-Director-Job-moonachie-NJ-US-169081024.aspx,"153 Underhill Ave, New York, NY 11238
"
"Pace University
",http://jobview.monster.com/Sr-Manager-Digital-Ad-Sales-CRM-Research-Systems-Job-New-York-NY-US-169573553.aspx,"4650 Hadley Ave, New York, NY 10471
"
"Pace University
",http://jobview.monster.com/Professional-Sales-Representative-Brooklyn-Job-Brooklyn-NY-US-169266553.aspx,"41-46 50th St, New York, NY 11377
"
"Fordham University
",http://jobview.monster.com/Sales-Assistant-Job-West-Caldwell-NJ-US-167214390.aspx,"4069 Dodgewood Rd, New York, NY 10471
"
"Pace University
",http://jobview.monster.com/Lead-Generator-Job-Edison-NJ-Job-Edison-NJ-US-169210750.aspx,"4650 Hadley Ave, New York, NY 10471
"
"Manhattan College
",http://jobview.monster.com/Lead-Generator-Job-North-Bergen-NJ-Job-North-Bergen-NJ-US-168620141.aspx,"153 Underhill Ave, New York, NY 11238
"
"Pace University
",http://jobview.monster.com/Account-Executive-Outside-Sales-Job-West-Caldwell-NJ-US-169698784.aspx,"4600 Palisade Ave, New York, NY 10471
"
"Pace University
",http://jobview.monster.com/Lead-Generator-Job-Edison-NJ-Job-Edison-NJ-US-169210750.aspx,"32-43 83rd St, New York, NY 11370
"
"Pace University
",http://jobview.monster.com/Health-Insurance-Enroller-Agent-Presenter-English-or-Spanish-Job-Newark-NJ-US-169176932.aspx,"681 Bergen St, New York, NY 11238
"
"Pace University
",http://jobview.monster.com/Industrial-Sales-Rep-Job-New-York-City-NY-US-169257190.aspx,"31-23 80th St, New York, NY 11370
"
"Pace University
",http://jobview.monster.com/Recruitment-Consultant-Sales-Business-Development-Executive-Job-New-York-NY-US-169389423.aspx,"228 Lincoln Pl, New York, NY 11217
"
"Baruch College
",http://jobview.monster.com/Outside-Sales-Job-Bronx-NY-US-169093428.aspx,"9 Ploughmans Bush, New York, NY 10471
"
"Baruch College
",http://jobview.monster.com/General-Manager-Sales-Manager-Sales-Owner-Operator-Job-New-York-City-NY-US-151134516.aspx,"31-23 80th St, New York, NY 11370
"
"Baruch College
",http://jobview.monster.com/Sales-Manager-Food-Industry-Job-Rockleigh-NJ-US-169306015.aspx,"47-11 45th St, New York, NY 11377
"
"Pace University
",http://jobview.monster.com/Sales-Assistant-Job-New-York-City-NY-US-168185304.aspx,"288 Prospect Pl, New York, NY 11238
"
"Fordham University
",http://jobview.monster.com/Outside-Sales-Consultant-Business-Performance-Advisor-Job-Florham-Park-NJ-US-169551863.aspx,"41-22 42nd St, New York, NY 11104
"
"Fordham University
",http://jobview.monster.com/Sales-Recruitment-Consultant-Job-Manhattan-NY-US-168831330.aspx,"228 Lincoln Pl, New York, NY 11217
"
"Fordham University
",http://jobview.monster.com/Sales-Representative-Job-Brooklyn-NY-US-169126955.aspx,"47-11 45th St, New York, NY 11377
"
"Pace University
",http://jobview.monster.com/Consumer-Electronics-Sales-Specialist-Part-Time-Job-Jersey-City-NJ-US-169057220.aspx,"32-54 82nd St, New York, NY 11370
"
"Pace University
",http://jobview.monster.com/Senior-Sales-Executive-Job-New-York-City-NY-US-165417910.aspx,"288 Prospect Pl, New York, NY 11238
"
"Baruch College
",http://jobview.monster.com/Flight-Center-Sales-Airfare-Expert-New-York-NY-Job-New-York-NY-US-168619721.aspx,"32-19 76th St, New York, NY 11370
"
"Pace University
",http://jobview.monster.com/Bilingual-Newborn-Photographer-Sales-Representative-Part-Time-Perth-Amboy-NJ-Job-Perth-Amboy-NJ-US-169659553.aspx,"32-54 82nd St, New York, NY 11370
"
"Baruch College
",http://jobview.monster.com/Sales-Manager-Job-Paramus-NJ-US-169113831.aspx,"31-23 80th St, New York, NY 11370
"
"Baruch College
",http://jobview.monster.com/Sr-Associate-Compliance-Sales-Advtg-Material-Job-New-York-NY-US-169706967.aspx,"32-19 76th St, New York, NY 11370
"
"Manhattan College
",http://jobview.monster.com/Sales-Manager-Buy-Luxury-Cars-Part-Time-Make-Up-to-3K-Per-Deal-Job-Rockville-Centre-NY-US-167215246.aspx,"228 Lincoln Pl, New York, NY 11217
"
"Baruch College
",http://jobview.monster.com/Newborn-Photographer-Sales-Representative-Part-Time-Belleville-NJ-Job-Belleville-NJ-US-169540573.aspx,"681 Bergen St, New York, NY 11238
"
"Pace University
",http://jobview.monster.com/Consultative-Sales-Associate-BERGENFIELD-NJ-Part-Time-Job-BERGENFIELD-NJ-US-169420624.aspx,"9 Ploughmans Bush, New York, NY 10471
"
"Fordham University
",http://jobview.monster.com/Media-Sales-Associate-Job-New-York-NY-US-169162886.aspx,"32-43 83rd St, New York, NY 11370
"
"Manhattan College
",http://jobview.monster.com/Account-Executive-Job-Brooklyn-NY-US-153220775.aspx,"32-43 83rd St, New York, NY 11370
"
"Fordham University
",http://job-openings.monster.com/monster/4994bf62-27da-42a1-b002-060304d9dab7,"32-43 83rd St, New York, NY 11370
"
"Baruch College
",http://jobview.monster.com/Kitchen-Furniture-Sales-Job-Fairfield-NJ-US-167123102.aspx,"153 Underhill Ave, New York, NY 11238
"
"Baruch College
",http://jobview.monster.com/Sales-Management-Trainee-Job-Elizabeth-NJ-US-169417192.aspx,"41-15 50th St, New York, NY 11377
"
"Pace University
",http://jobview.monster.com/Territory-Sales-Account-Executives-Job-New-York-City-NY-US-168623523.aspx,"32-43 83rd St, New York, NY 11370
"
"Baruch College
",http://jobview.monster.com/Sr-Account-Manager-Strategic-Partnerships-Job-New-York-US-167509786.aspx,"288 Prospect Pl, New York, NY 11238
"
"Pace University
",http://jobview.monster.com/Regional-Account-Executive-Brooklyn-Queens-Job-Brooklyn-NY-US-168956736.aspx,"32-54 82nd St, New York, NY 11370
"
"Fordham University
",http://jobview.monster.com/Sales-Reps-Wanted-Leads-Provided-Flushing-NY-Area-Job-Flushing-NY-US-168581775.aspx,"153 Underhill Ave, New York, NY 11238
"
"Manhattan College
",http://jobview.monster.com/Sales-Rep-Outside-Sales-Territory-Sales-Job-Springfield-NJ-US-169355974.aspx,"4650 Hadley Ave, New York, NY 10471
"
"Manhattan College
",http://jobview.monster.com/Sales-Rep-Outside-Sales-Territory-Sales-Job-Teterboro-NJ-US-168718786.aspx,"32-54 82nd St, New York, NY 11370
"
"Baruch College
",http://jobview.monster.com/Legal-Sales-Professional-Job-New-York-NY-US-169697031.aspx,"32-54 80th St, New York, NY 11370
"
"Pace University
",http://jobview.monster.com/Business-Development-Leader-Retail-CPG-Job-Teaneck-NJ-US-169702701.aspx,"32-19 76th St, New York, NY 11370
"
"California State University, Long Beach
",http://jobview.monster.com/Sales-Professionals-needed-for-our-Luxury-Pre-Owned-Motorcars-location-Job-Bellflower-CA-US-169013345.aspx,"13929 Cardillo Dr, Los Angeles, CA 92683
"
"California State University, Long Beach
",http://jobview.monster.com/Field-Sales-Fluid-Power-Industry-Job-Anaheim-CA-US-168239958.aspx,"1325 Arizona Ave, Los Angeles, CA 90404
"
"California State University, Long Beach
",http://jobview.monster.com/SCIENTIFIC-TECHNICAL-SALES-CONSULTANT-Job-Torrance-CA-US-167917557.aspx,"1325 Arizona Ave, Los Angeles, CA 90404
"
"Pepperdine University
",http://jobview.monster.com/Account-Executive-We-Are-Hiring-Go-Hire!-Job-Los-Angeles-CA-US-168612920.aspx,"15415 Dogwood St, Los Angeles, CA 92683
"
"California State University, Northridge
",http://jobview.monster.com/Sales-Account-Executive-Job-La-Puente-CA-US-168879803.aspx,"14335 Cedarwood Ave, Los Angeles, CA 92683
"
"Loyola Marymount University
",http://jobview.monster.com/Sales-Account-Executive-Job-Los-Angeles-CA-US-168807908.aspx,"6414 Roble Ave, Los Angeles, CA 90042
"
"California State University, Northridge
",http://jobview.monster.com/Western-Regional-Sales-Manager-Job-Los-Angeles-CA-US-168828919.aspx,"6414 Roble Ave, Los Angeles, CA 90042
"
"California State University, Northridge
",http://jobview.monster.com/Regional-Sales-Manager-Job-Los-Angeles-CA-US-169734853.aspx,"1308 9th St, Los Angeles, CA 90401
"
"California State University, Long Beach
",http://jobview.monster.com/Western-Regional-Sales-Manager-Job-Torrance-CA-US-169738142.aspx,"1325 Arizona Ave, Los Angeles, CA 90404
"
"California State University, Northridge
",http://jobview.monster.com/Regional-Sales-Manager-Job-Los-Angeles-CA-US-169747856.aspx,"1049 Larker Ave, Los Angeles, CA 90042
"
"Loyola Marymount University
",http://jobview.monster.com/DIRECTOR-OF-FRANCHISE-SALES-BUSINESS-DEVELOPMENT-Job-LOS-ANGELES-CA-US-167447687.aspx,"6414 Roble Ave, Los Angeles, CA 90042
"
"California State University, Long Beach
",http://jobview.monster.com/Direct-Sales-Agent-Trainee-Job-Long-Beach-CA-US-169423704.aspx,"6414 Roble Ave, Los Angeles, CA 90042
"
"Pepperdine University
",http://jobview.monster.com/sales-assistance-customer-service-job-walnut-ca-us-168817748.aspx,"421 Lewis St, Los Angeles, CA 90042
"
"California State University, Northridge
",http://jobview.monster.com/Advertising-Sales-Account-Manager-West-Los-Angeles-Job-Los-Angeles-CA-US-168462909.aspx,"433 Sunridge St, Los Angeles, CA 90293
"
"Loyola Marymount University
",http://jobview.monster.com/Specialist-Technical-Sales-Job-LOS-ANGELES-CA-US-168715707.aspx,"1308 9th St, Los Angeles, CA 90401
"
"Loyola Marymount University
",http://jobview.monster.com/Inside-Sales-Account-Executive-Job-Lincoln-Heights-CA-US-169699779.aspx,"1049 Larker Ave, Los Angeles, CA 90042
"
"California State University, Northridge
",http://jobview.monster.com/Utility-Sales-Manager-Job-Long-Beach-CA-US-168760718.aspx,"1308 9th St, Los Angeles, CA 90401
"
"California State University, Northridge
",http://jobview.monster.com/Director-National-Sales-Marketing-Job-Brea-CA-US-169612231.aspx,"395 W Terrace Ln, Los Angeles, CA 90042
"
"Loyola Marymount University
",http://jobview.monster.com/Account-Executive-T-Mobile-Business-Sales-Job-Redondo-Beach-CA-US-169407651.aspx,"14335 Cedarwood Ave, Los Angeles, CA 92683
"
"California State University, Long Beach
",http://jobview.monster.com/Entry-Level-Sales-Sales-Management-Job-Brea-CA-US-162802115.aspx,"421 Lewis St, Los Angeles, CA 90042
"
"California State University, Long Beach
",http://jobview.monster.com/Account-Executive-Digital-Sales-advertising-Youtube-Job-Santa-Monica-CA-US-169500335.aspx,"7200 Rindge Ave, Los Angeles, CA 90293
"
"Loyola Marymount University
",http://jobview.local-jobs.monster.com/SALES-MANAGER-Job-Los-Angeles-CA-US-169284268.aspx,"7553 Trask Ave, Los Angeles, CA 90293
"
"California State University, Long Beach
",http://jobview.monster.com/advertising-sales-representative-job-woodland-hills-ca-us-167760361.aspx,"7200 Rindge Ave, Los Angeles, CA 90293
"
"Loyola Marymount University
",http://jobview.monster.com/GI-Clinical-Sales-Specialist-Job-San-Fernando-CA-US-169125308.aspx,"1049 Larker Ave, Los Angeles, CA 90042
"
"Pepperdine University
",http://jobview.monster.com/Entry-level-Sales-Administrative-Assistant-Job-Glendale-CA-US-168675778.aspx,"5236 Park Ave, Los Angeles, CA 92845
"
"Loyola Marymount University
",http://jobview.monster.com/Account-Executive-Outside-Sales-LEED-Commercial-Real-Estate-Market-Building-Solutions-Job-Los-Angeles-CA-US-169061040.aspx,"14335 Cedarwood Ave, Los Angeles, CA 92683
"
"California State University, Northridge
",http://jobview.monster.com/Jewelry-Sales-Professional-Job-Torrance-CA-US-169691413.aspx,"1218 12th St, Los Angeles, CA 90401
"
"Loyola Marymount University
",http://jobview.monster.com/Automotive-Parts-Sales-Job-Santa-Monica-CA-US-169745351.aspx,"13929 Cardillo Dr, Los Angeles, CA 92683
"
"Loyola Marymount University
",http://job-openings.monster.com/monster/e973e824-c570-4266-82b0-ffd496752949,"433 Sunridge St, Los Angeles, CA 90293
"
"California State University, Northridge
",http://jobview.monster.com/Account-Executive-Job-Brea-CA-US-168869446.aspx,"395 W Terrace Ln, Los Angeles, CA 90042
"
"Pepperdine University
",http://jobview.monster.com/entry-level-sales-sales-management-job-chatsworth-ca-us-162802069.aspx,"1122 10th St, Los Angeles, CA 90403
"
"Pepperdine University
",http://jobview.monster.com/Business-Development-Manager-Southern-California-Job-Los-Angeles-CA-US-169696972.aspx,"1325 Arizona Ave, Los Angeles, CA 90404
"
"Loyola Marymount University
",http://jobview.monster.com/Customer-Service-Professionals-Consider-a-Career-as-a-Sales-Management-Trainee-Job-Los-Angeles-CA-US-169375528.aspx,"13929 Cardillo Dr, Los Angeles, CA 92683
"
"California State University, Northridge
",http://jobview.monster.com/Telemarketer-Job-Beverly-Hills-CA-166084283.aspx,"13929 Cardillo Dr, Los Angeles, CA 92683
"
"California State University, Northridge
",http://jobview.monster.com/Regional-Outside-Sales-Account-Manager-Job-City-of-Industry-CA-US-169025392.aspx,"7200 Rindge Ave, Los Angeles, CA 90293
"
"California State University, Northridge
",http://jobview.monster.com/Regional-Sales-Manager-HEE-Job-Los-Angeles-CA-US-169463296.aspx,"1122 10th St, Los Angeles, CA 90403
"
"California State University, Long Beach
",http://jobview.monster.com/Sales-Representative-Job-Westchester-CA-US-169651768.aspx,"14335 Cedarwood Ave, Los Angeles, CA 92683
"
"California State University, Long Beach
",http://jobview.monster.com/Aflac-Insurance-Sales-Agent-Job-Montebello-CA-US-169416499.aspx,"14335 Cedarwood Ave, Los Angeles, CA 92683
"
"California State University, Northridge
",http://jobview.monster.com/Bilingual-Preferred-Indirect-Sales-Executive-Cricket-Wireless-Northridge-CA-Area-Job-Sherman-Oaks-CA-US-169466531.aspx,"433 Sunridge St, Los Angeles, CA 90293
"
"California State University, Long Beach
",http://jobview.monster.com/Bilingual-Preferred-Indirect-Sales-Executive-Cricket-Wireless-Northridge-CA-Area-Job-Northridge-CA-US-169466489.aspx,"15415 Dogwood St, Los Angeles, CA 92683
"
"Loyola Marymount University
",http://jobview.monster.com/Sales-Representative-Job-Los-Angeles-CA-US-168697117.aspx,"6414 Roble Ave, Los Angeles, CA 90042
"
"California State University, Long Beach
",http://jobview.monster.com/Sales-Support-Job-Long-Beach-CA-US-169661396.aspx,"1218 12th St, Los Angeles, CA 90401
"
"California State University, Long Beach
",http://job-openings.monster.com/monster/f431f98c-dba3-4b21-a765-c367a680ec9a,"14335 Cedarwood Ave, Los Angeles, CA 92683
"
"Loyola Marymount University
",http://jobview.monster.com/Student-Loan-Sales-Agents-Job-Torrance-CA-US-167510520.aspx,"14335 Cedarwood Ave, Los Angeles, CA 92683
"
"California State University, Long Beach
",http://jobview.monster.com/Industrial-Outside-Sales-Representative-Job-Pasadena-CA-US-169058491.aspx,"433 Sunridge St, Los Angeles, CA 90293
"
"California State University, Long Beach
",http://jobview.monster.com/Sales-Associate-Job-Westminster-CA-US-169012745.aspx,"1218 12th St, Los Angeles, CA 90401
"
"Loyola Marymount University
",http://jobview.monster.com/Outside-Sales-Representative-UniFirst-Job-Gardena-MA-US-168716115.aspx,"8136 Zitola Terrace, Los Angeles, CA 90293
"
"California State University, Long Beach
",http://jobview.monster.com/Inside-Sales-base-plus-commission-Job-Hollywood-CA-US-168569078.aspx,"13929 Cardillo Dr, Los Angeles, CA 92683
"
"California State University, Long Beach
",http://jobview.monster.com/Rx-Regional-Account-Manager-Multiple-Sclerosis-Southern-California-Los-Angeles-San-Diego-Job-Los-Angeles-CA-US-169617594.aspx,"1218 12th St, Los Angeles, CA 90401
"
"California State University, Northridge
",http://jobview.monster.com/Regional-Account-Manager-Job-Los-Angeles-CA-US-151617469.aspx,"14335 Cedarwood Ave, Los Angeles, CA 92683
"
"California State University, Long Beach
",http://jobview.monster.com/Account-Manager-Job-Los-Angeles-CA-US-168676492.aspx,"1218 12th St, Los Angeles, CA 90401
"
"Loyola Marymount University
",http://jobview.monster.com/Senior-Project-Manager-Healthcare-IVR-Call-Center-Job-Long-Beach-CA-US-169416588.aspx,"14335 Cedarwood Ave, Los Angeles, CA 92683
"
"California State University, Long Beach
",http://jobview.monster.com/western-regional-bakery-equipment-sales-specialist-job-us-159205939.aspx,"1049 Larker Ave, Los Angeles, CA 90042
"
"California State University, Long Beach
",http://jobview.monster.com/Sales-Manager-Job-Los-Angeles-CA-US-169698722.aspx,"1308 9th St, Los Angeles, CA 90401
"
"California State University, Long Beach
",http://jobview.monster.com/regional-sales-mortgage-loan-originator-job-us-169121498.aspx,"1308 9th St, Los Angeles, CA 90401
"
"California State University, Long Beach
",http://job-openings.monster.com/monster/54bca6cd-1825-4c6f-86ba-216217698a4a,"8136 Zitola Terrace, Los Angeles, CA 90293
"
"Loyola Marymount University
",http://jobview.monster.com/Relationship-Manager-II-Job-La-Habra-CA-US-168870289.aspx,"7200 Rindge Ave, Los Angeles, CA 90293
"
"California State University, Long Beach
",http://jobview.monster.com/Account-Manager-%E2%80%93-Business-Management-Firm-specializing-in-Entertainers-High-Net-Worth-Individua-Job-Century-City-CA-US-168871204.aspx,"1325 Arizona Ave, Los Angeles, CA 90404
"
"Pepperdine University
",http://jobview.monster.com/Business-Development-Manager-DMS-Job-City-of-Industry-CA-US-169474753.aspx,"5236 Park Ave, Los Angeles, CA 92845
"
"Pepperdine University
",http://job-openings.monster.com/monster/c3a4d1fc-3f5d-43ef-a81d-1d7a7bc5e853,"15415 Dogwood St, Los Angeles, CA 92683
"
"California State University, Long Beach
",http://jobview.monster.com/Account-Manager-Job-Brea-CA-US-169754105.aspx,"8210 Delgany Ave, Los Angeles, CA 90293
"
"Loyola Marymount University
",http://jobview.monster.com/business-development-manager-work-life-balance-job-woodland-hills-ca-us-169470604.aspx,"1218 12th St, Los Angeles, CA 90401
"
"Pepperdine University
",http://jobview.monster.com/Insurance-Agent-Group-Individual-Medical-Benefits-Job-Torrance-CA-US-163996472.aspx,"1218 12th St, Los Angeles, CA 90401
"
"California State University, Long Beach
",http://jobview.monster.com/Account-Director-Job-Los-Angeles-CA-US-169683062.aspx,"1122 10th St, Los Angeles, CA 90403
"
"Pepperdine University
",http://jobview.monster.com/Sales-Management-Trainee-Job-Azusa-CA-US-168754205.aspx,"1049 Larker Ave, Los Angeles, CA 90042
"
"California State University, Long Beach
",http://job-openings.monster.com/monster/d45e606f-0193-49be-a6a4-f17d56f4a5cd,"1308 9th St, Los Angeles, CA 90401
"
"Loyola Marymount University
",http://job-openings.monster.com/monster/60e5586c-877e-40b5-b39c-df9728fe8f91,"7553 Trask Ave, Los Angeles, CA 90293
"
"Pepperdine University
",http://jobview.monster.com/senior-account-executive-job-woodland-hills-ca-us-165420196.aspx,"1122 10th St, Los Angeles, CA 90403
"
"California State University, Northridge
",http://jobview.monster.com/administrative-manager-job-diamond-bar-ca-us-167361836.aspx,"1325 Arizona Ave, Los Angeles, CA 90404
"
"Pepperdine University
",http://jobview.monster.com/team-leader-of-project-management-aftermarket-services-for-tooling-molds-job-san-dimas-ca-us-168665443.aspx,"1122 10th St, Los Angeles, CA 90403
"
"California State University, Long Beach
",http://job-openings.monster.com/monster/6adb5c59-6f31-4ffb-bb88-12b4b187efd2,"7200 Rindge Ave, Los Angeles, CA 90293
"
"Loyola Marymount University
",http://job-openings.monster.com/monster/6d0b09b2-956c-4822-b961-f9416c5aaf33,"6414 Roble Ave, Los Angeles, CA 90042
"
"Loyola Marymount University
",http://job-openings.monster.com/monster/859eea8b-95f3-4fa0-a4ec-1b9efd46e97c,"1049 Larker Ave, Los Angeles, CA 90042
"
"California State University, Northridge
",http://job-openings.monster.com/monster/4c337e3e-c97b-493d-b6ea-2c29e7b228ea,"1122 10th St, Los Angeles, CA 90403
"
"Loyola Marymount University
",http://jobview.monster.com/Customer-Service-CAREER-CHANGE-%E2%80%93-Become-an-Independent-AVON-Sales-Representative-%E2%80%93-Entry-Level-Job-Garden-Grove-CA-US-169632638.aspx,"1325 Arizona Ave, Los Angeles, CA 90404
"
"California State University, Northridge
",http://jobview.monster.com/Sales-Manager-Buy-Luxury-Cars-Part-Time-Make-Up-to-3K-Per-Deal-Job-Anaheim-CA-US-167216004.aspx,"5236 Park Ave, Los Angeles, CA 92845
"
"Loyola Marymount University
",http://jobview.monster.com/Inside-Sales-Job-Monrovia-CA-US-168753772.aspx,"1079 S Arroyo Blvd, Los Angeles, CA 91105
"
"Loyola Marymount University
",http://job-openings.monster.com/monster/99c7a402-37a3-4536-a62b-deb2913d1e89,"7200 Rindge Ave, Los Angeles, CA 90293
"
"Loyola Marymount University
",http://jobview.monster.com/Territory-Sales-Industrial-Valve-Actuator-Job-Los-Angeles-CA-US-167455134.aspx,"421 Lewis St, Los Angeles, CA 90042
"
"Pepperdine University
",http://job-openings.monster.com/monster/e71fe89c-b72f-43f1-9eed-9bf39238affb,"433 Sunridge St, Los Angeles, CA 90293
"
"Pepperdine University
",http://job-openings.monster.com/monster/3a743f1f-0779-4b51-82bf-f31fd46a47ad,"8136 Zitola Terrace, Los Angeles, CA 90293
"
"California State University, Long Beach
",http://job-openings.monster.com/monster/e4d3983d-8e7b-4aa1-9bb0-7bd4f9f8c68d,"13929 Cardillo Dr, Los Angeles, CA 92683
"
"California State University, Long Beach
",http://jobview.monster.com/Inside-Sales-Lighting-Job-Garden-Grove-CA-US-169222084.aspx,"7200 Rindge Ave, Los Angeles, CA 90293
"
"California State University, Long Beach
",http://jobview.monster.com/Account-Executive-Job-Gardena-CA-US-169432423.aspx,"15415 Dogwood St, Los Angeles, CA 92683
"
"Loyola Marymount University
",http://job-openings.monster.com/monster/819793d1-dc84-4a24-863b-26c66d62292c,"15415 Dogwood St, Los Angeles, CA 92683
"
"Pepperdine University
",http://job-openings.monster.com/monster/f6ce93a8-b062-42c3-9cee-3ea7941f16cc,"15415 Dogwood St, Los Angeles, CA 92683
"
"California State University, Long Beach
",http://jobview.monster.com/Buisness-Development-Center-Associates-Job-Westminster-CA-US-169012880.aspx,"7553 Trask Ave, Los Angeles, CA 90293
"
"Pepperdine University
",http://jobview.monster.com/Senior-Enterprise-Relationship-Manager-Job-Los-Angeles-CA-US-169399765.aspx,"8210 Delgany Ave, Los Angeles, CA 90293
"
"California State University, Long Beach
",http://job-openings.monster.com/monster/8e77ec9c-ddba-4e6a-a332-ffaebe1dbad5,"8136 Zitola Terrace, Los Angeles, CA 90293
"
"Loyola Marymount University
",http://jobview.monster.com/Import-Supervisor-or-Senior-Coordinator-Job-Torrance-CA-US-169706161.aspx,"1308 9th St, Los Angeles, CA 90401
"
"California State University, Northridge
",http://job-openings.monster.com/monster/cf6d0d12-e3be-4d3a-b3f5-1263ea37b7fa,"6414 Roble Ave, Los Angeles, CA 90042
"
"Pepperdine University
",http://job-openings.monster.com/monster/89ce6398-e502-4db9-a1f2-2fe0cbf49178,"1049 Larker Ave, Los Angeles, CA 90042
"
"California State University, Long Beach
",http://job-openings.monster.com/monster/f897306c-62bf-458f-b734-2c2e69f1c2d6,"13929 Cardillo Dr, Los Angeles, CA 92683
"
"California State University, Long Beach
",http://job-openings.monster.com/monster/03e6dbd7-6b4b-4810-945d-91d3e1ac6373,"8210 Delgany Ave, Los Angeles, CA 90293
"
"California State University, Long Beach
",http://job-openings.monster.com/monster/c9cfdacb-4d37-4a41-ac62-ada9d17644f2,"14335 Cedarwood Ave, Los Angeles, CA 92683
"
